,pred,true,mean,lookback_tercile_lag_1yr,lookback_tercile_lag_2yr,lookback_tercile_lag_3yr,lookback_tercile_lag_4yr,lookback_tercile_lag_5yr
2003-04-25,108.75216636054475,107.2887191772461,103.29461,,,,,
2003-05-02,109.31051848999071,107.2887191772461,103.377365,,,,,
2003-05-09,110.883408145309,106.10416412353516,103.425705,2.0,2.0,2.0,2.0,2.0
2003-05-16,110.88579434040118,106.10416412353516,103.44704,3.0,3.0,3.0,3.0,3.0
2003-05-23,111.16013151873734,106.10416412353516,103.48533,3.0,3.0,3.0,3.0,3.0
2003-05-30,111.2504810878096,106.10416412353516,103.467995,3.0,3.0,3.0,3.0,3.0
2003-06-06,108.60021123067104,85.80059051513672,103.38624,3.0,3.0,3.0,3.0,3.0
2003-06-13,108.88152134978714,85.80059051513672,103.41405,3.0,3.0,3.0,3.0,3.0
2003-06-20,108.76004916030621,85.80059051513672,103.42392,3.0,3.0,3.0,3.0,3.0
2003-06-27,108.86568733305269,85.80059051513672,103.45053,3.0,3.0,3.0,3.0,3.0
2003-07-04,108.85090425805177,85.80059051513672,103.45804,2.0,2.0,2.0,2.0,2.0
2003-07-11,104.66576560444314,93.609130859375,103.5253,1.0,1.0,1.0,1.0,1.0
2003-07-18,104.54703677796455,93.609130859375,103.469925,1.0,1.0,1.0,1.0,1.0
2003-07-25,105.09939878998549,93.609130859375,103.41309,1.0,1.0,1.0,1.0,1.0
2003-08-01,105.18453198780607,93.609130859375,103.44732,1.0,1.0,1.0,1.0,1.0
2003-08-08,105.21808759241905,98.06232452392578,103.762596,2.0,2.0,2.0,2.0,2.0
2003-08-15,104.88965455053805,98.06232452392578,103.75307,2.0,2.0,2.0,2.0,2.0
2003-08-22,104.45790631501555,98.06232452392578,103.72003,2.0,2.0,2.0,2.0,2.0
2003-08-29,103.87102817074744,98.06232452392578,103.7875,3.0,3.0,3.0,3.0,3.0
2003-09-05,103.1965559439753,98.06232452392578,103.87236,3.0,3.0,3.0,3.0,3.0
2003-09-12,99.27359901506833,111.93370056152344,104.02158,1.0,1.0,1.0,1.0,1.0
2003-09-19,98.01253402117194,111.93370056152344,104.07444,1.0,1.0,1.0,1.0,1.0
2003-09-26,99.87902180782545,111.93370056152344,104.104706,2.0,2.0,2.0,2.0,2.0
2003-10-03,99.84548699136737,111.93370056152344,104.05356,2.0,2.0,2.0,2.0,2.0
2003-10-10,105.00759466897527,117.19847106933594,103.9657,3.0,3.0,3.0,3.0,3.0
2003-10-17,105.00224747569318,117.19847106933594,103.97851,3.0,3.0,3.0,3.0,3.0
2003-10-24,105.18238567228995,117.19847106933594,104.002716,3.0,3.0,3.0,3.0,3.0
2003-10-31,105.42572582659149,117.19847106933594,104.04317,3.0,3.0,3.0,3.0,3.0
2003-11-07,104.89330711163252,108.90174102783203,103.98214,3.0,3.0,3.0,3.0,3.0
2003-11-14,104.93023421269152,108.90174102783203,103.992546,3.0,3.0,3.0,3.0,3.0
2003-11-21,105.09468250857775,108.90174102783203,104.02014,3.0,3.0,3.0,3.0,3.0
2003-11-28,105.2145279379767,108.90174102783203,104.07223,3.0,3.0,3.0,3.0,3.0
2003-12-05,110.18263782577185,108.90174102783203,104.00288,2.0,2.0,2.0,2.0,2.0
2003-12-12,103.84738851994504,108.15056610107422,103.52661,1.0,1.0,1.0,1.0,1.0
2003-12-19,103.88846684175716,108.15056610107422,103.53304,1.0,1.0,1.0,1.0,1.0
2003-12-26,103.88664396748528,108.15056610107422,103.56011,1.0,1.0,1.0,1.0,1.0
2004-01-02,104.50280371778766,108.15056610107422,103.426796,1.0,1.0,1.0,1.0,1.0
2004-01-09,108.46636778344772,100.37125396728516,103.197,1.0,1.0,1.0,1.0,1.0
2004-01-16,108.41479472918293,100.37125396728516,103.20409,1.0,1.0,1.0,1.0,1.0
2004-01-23,110.28758923087064,100.37125396728516,103.23241,2.0,2.0,2.0,2.0,2.0
2004-01-30,111.03112219617219,100.37125396728516,103.24125,2.0,2.0,2.0,2.0,2.0
2004-02-06,107.22552319015641,115.99638366699219,103.270065,1.0,1.0,1.0,1.0,1.0
2004-02-13,106.64611128099581,115.99638366699219,103.29492,1.0,1.0,1.0,1.0,1.0
2004-02-20,106.65386427925174,115.99638366699219,103.30582,1.0,1.0,1.0,1.0,1.0
2004-02-27,107.21044208845848,115.99638366699219,103.30623,1.0,1.0,1.0,1.0,1.0
2004-03-05,107.34769903140959,115.99638366699219,103.31407,1.0,1.0,1.0,1.0,1.0
2004-03-12,106.12902696676588,99.82392120361328,103.241165,1.0,1.0,1.0,1.0,1.0
2004-03-19,106.12428960231665,99.82392120361328,103.260735,2.0,2.0,2.0,2.0,2.0
2004-03-26,106.36264140850939,99.82392120361328,103.29443,2.0,2.0,2.0,2.0,2.0
2004-04-02,106.34507086727483,99.82392120361328,103.273575,1.0,1.0,1.0,1.0,1.0
2004-04-09,106.6994894469086,114.04180145263672,103.112404,1.0,1.0,1.0,1.0,1.0
2004-04-16,106.63246772119551,114.04180145263672,103.10164,1.0,1.0,1.0,1.0,1.0
2004-04-23,106.6309337579448,114.04180145263672,103.11381,1.0,1.0,1.0,1.0,1.0
2004-04-30,106.22213329828239,114.04180145263672,103.044624,2.0,2.0,2.0,2.0,2.0
2004-05-07,104.45572199093381,112.99687957763672,102.94033,1.0,1.0,1.0,1.0,1.0
2004-05-14,104.7616131708721,112.99687957763672,102.91265,1.0,1.0,1.0,1.0,1.0
2004-05-21,104.33814484872062,112.99687957763672,102.91513,1.0,1.0,1.0,1.0,1.0
2004-05-28,103.57567814191991,112.99687957763672,102.86099,1.0,1.0,1.0,1.0,1.0
2004-06-04,104.79703517353835,112.99687957763672,102.83677,2.0,1.0,1.0,1.0,1.0
2004-06-11,105.81061078900571,110.15924835205078,102.85158,1.0,1.0,1.0,1.0,1.0
2004-06-18,105.9396251323956,110.15924835205078,102.9128,2.0,1.0,1.0,1.0,1.0
2004-06-25,106.20475631982839,110.15924835205078,102.998344,2.0,2.0,2.0,2.0,2.0
2004-07-02,106.23931823356955,110.15924835205078,103.0082,2.0,2.0,2.0,2.0,2.0
2004-07-09,109.88645488889807,116.77117919921875,103.08241,2.0,2.0,2.0,2.0,2.0
2004-07-16,109.8090536781845,116.77117919921875,103.086586,2.0,2.0,2.0,2.0,2.0
2004-07-23,108.28568816925322,116.77117919921875,103.112686,1.0,1.0,1.0,1.0,1.0
2004-07-30,110.81010986157806,116.77117919921875,103.126274,2.0,2.0,2.0,2.0,2.0
2004-08-06,109.09691892199086,100.1685562133789,103.00554,2.0,2.0,2.0,2.0,2.0
2004-08-13,109.20974272374512,100.1685562133789,103.05063,2.0,2.0,2.0,2.0,2.0
2004-08-20,109.33226555984592,100.1685562133789,103.102234,3.0,2.0,2.0,2.0,2.0
2004-08-27,109.64407783822614,100.1685562133789,103.1959,3.0,2.0,2.0,2.0,2.0
2004-09-03,109.7080540711064,100.1685562133789,103.19019,3.0,2.0,2.0,2.0,2.0
2004-09-10,111.08266188019198,79.77445983886719,103.24973,3.0,3.0,3.0,3.0,3.0
2004-09-17,110.99718081819131,79.77445983886719,103.24877,3.0,3.0,3.0,3.0,3.0
2004-09-24,109.08702918256267,79.77445983886719,103.23587,2.0,2.0,2.0,2.0,2.0
2004-10-01,108.91468875025829,79.77445983886719,103.214424,2.0,2.0,2.0,2.0,2.0
2004-10-08,107.97876686308676,110.64704895019531,103.080414,2.0,1.0,1.0,1.0,1.0
2004-10-15,107.34709962783826,110.64704895019531,102.96809,1.0,1.0,1.0,1.0,1.0
2004-10-22,114.02627463570491,110.64704895019531,102.89266,3.0,3.0,3.0,3.0,3.0
2004-10-29,114.23865322450169,110.64704895019531,102.767,3.0,3.0,3.0,3.0,3.0
2004-11-05,113.60277206901382,110.64704895019531,102.64535,3.0,3.0,3.0,3.0,3.0
2004-11-12,105.43546452065969,121.47602081298828,102.474434,3.0,3.0,3.0,3.0,3.0
2004-11-19,105.27791864360199,121.47602081298828,102.463844,3.0,3.0,3.0,3.0,3.0
2004-11-26,105.26823113353747,121.47602081298828,102.44343,3.0,2.0,2.0,2.0,2.0
2004-12-03,105.12557421449736,121.47602081298828,102.46906,3.0,2.0,2.0,2.0,2.0
2004-12-10,104.60693095084744,123.16815185546875,102.670876,2.0,1.0,1.0,1.0,1.0
2004-12-17,104.5878841351608,123.16815185546875,102.66687,2.0,1.0,1.0,1.0,1.0
2004-12-24,104.44610006444636,123.16815185546875,102.72281,3.0,3.0,3.0,3.0,3.0
2004-12-31,105.43534180542426,123.16815185546875,102.841064,2.0,2.0,2.0,2.0,2.0
2005-01-07,102.35140381668137,91.91764831542969,103.00915,3.0,3.0,3.0,3.0,3.0
2005-01-14,101.34699119054449,91.91764831542969,103.04402,3.0,2.0,2.0,2.0,2.0
2005-01-21,105.53548301857128,91.91764831542969,103.09654,2.0,2.0,2.0,2.0,2.0
2005-01-28,105.57694933795725,91.91764831542969,103.1144,2.0,2.0,2.0,2.0,2.0
2005-02-04,107.61656053335815,87.06851196289062,102.958435,2.0,2.0,2.0,2.0,2.0
2005-02-11,107.55535200348338,87.06851196289062,102.99852,2.0,2.0,2.0,2.0,2.0
2005-02-18,107.54632337934567,87.06851196289062,103.00403,2.0,2.0,2.0,2.0,2.0
2005-02-25,107.55665480896272,87.06851196289062,103.01964,2.0,2.0,2.0,2.0,2.0
2005-03-04,106.99572820563849,87.06851196289062,102.88793,1.0,1.0,1.0,1.0,1.0
2005-03-11,105.21889360623443,116.76817321777344,102.778854,1.0,1.0,1.0,1.0,1.0
2005-03-18,104.96687992016058,116.76817321777344,102.70954,1.0,1.0,1.0,1.0,1.0
2005-03-25,101.02485447786542,116.76817321777344,102.64239,3.0,3.0,3.0,3.0,3.0
2005-04-01,100.88683390952114,116.76817321777344,102.58932,3.0,3.0,3.0,3.0,3.0
2005-04-08,103.12993738551907,109.11772918701172,102.590996,1.0,1.0,1.0,1.0,1.0
2005-04-15,103.12882294934009,109.11772918701172,102.58857,1.0,1.0,1.0,1.0,1.0
2005-04-22,103.15992429607431,109.11772918701172,102.588394,1.0,1.0,1.0,1.0,1.0
2005-04-29,103.19243285351814,109.11772918701172,102.64819,1.0,1.0,1.0,1.0,1.0
2005-05-06,102.89028999615279,112.2602767944336,102.55059,2.0,2.0,2.0,2.0,2.0
2005-05-13,102.96237529369938,112.2602767944336,102.61561,2.0,2.0,2.0,2.0,2.0
2005-05-20,100.94906129919545,112.2602767944336,102.68629,3.0,3.0,3.0,3.0,3.0
2005-05-27,101.10992595103744,112.2602767944336,102.72365,3.0,3.0,3.0,3.0,3.0
2005-06-03,101.57755433075452,112.2602767944336,102.69215,3.0,3.0,3.0,3.0,3.0
2005-06-10,107.13840835795092,106.45047760009766,102.71588,1.0,1.0,1.0,1.0,1.0
2005-06-17,107.31352206988025,106.45047760009766,102.758125,1.0,1.0,1.0,1.0,1.0
2005-06-24,107.37753642669733,106.45047760009766,102.78044,1.0,1.0,1.0,1.0,1.0
2005-07-01,107.44394699432648,106.45047760009766,102.79868,1.0,1.0,1.0,1.0,1.0
2005-07-08,106.79025855105704,91.80122375488281,102.879524,1.0,1.0,1.0,1.0,1.0
2005-07-15,106.82575217930054,91.80122375488281,102.90795,1.0,1.0,1.0,1.0,1.0
2005-07-22,106.84490668774068,91.80122375488281,102.927864,1.0,1.0,1.0,1.0,1.0
2005-07-29,106.79111792994715,91.80122375488281,102.941795,1.0,1.0,1.0,1.0,1.0
2005-08-05,106.89386800915533,91.80122375488281,102.923065,1.0,1.0,1.0,1.0,1.0
2005-08-12,106.580712975303,87.06686401367188,103.06538,1.0,1.0,1.0,1.0,1.0
2005-08-19,106.32643371193903,87.06686401367188,103.0384,1.0,1.0,1.0,1.0,1.0
2005-08-26,106.04487359799857,87.06686401367188,102.99831,1.0,1.0,1.0,1.0,1.0
2005-09-02,104.59120964216713,87.06686401367188,103.04471,1.0,1.0,1.0,1.0,1.0
2005-09-09,103.97772551117954,99.24369812011719,103.25473,1.0,1.0,1.0,1.0,1.0
2005-09-16,101.93214609264918,99.24369812011719,103.21215,1.0,1.0,1.0,1.0,1.0
2005-09-23,101.70668383358053,99.24369812011719,103.15455,1.0,1.0,1.0,1.0,1.0
2005-09-30,101.57863269844687,99.24369812011719,103.131584,1.0,1.0,1.0,1.0,1.0
2005-10-07,102.07474505747888,114.46275329589844,102.99101,1.0,1.0,1.0,1.0,1.0
2005-10-14,105.85952466722637,114.46275329589844,102.960556,1.0,1.0,1.0,1.0,1.0
2005-10-21,105.8843704538863,114.46275329589844,102.92898,1.0,1.0,1.0,1.0,1.0
2005-10-28,106.36871418937584,114.46275329589844,102.893715,1.0,1.0,1.0,1.0,1.0
2005-11-04,106.12550232116791,114.46275329589844,102.846344,2.0,1.0,1.0,1.0,1.0
2005-11-11,107.25283474408441,103.6156234741211,102.97555,2.0,1.0,1.0,1.0,1.0
2005-11-18,107.34207524840372,103.6156234741211,103.01193,1.0,1.0,1.0,1.0,1.0
2005-11-25,108.08556316616976,103.6156234741211,103.07238,2.0,1.0,1.0,1.0,1.0
2005-12-02,111.19904400979352,103.6156234741211,103.1651,1.0,1.0,1.0,1.0,1.0
2005-12-09,104.58893194126034,100.72023010253906,103.35813,1.0,1.0,1.0,1.0,1.0
2005-12-16,104.48034479485159,100.72023010253906,103.371506,1.0,1.0,1.0,1.0,1.0
2005-12-23,104.33877849506082,100.72023010253906,103.37176,1.0,1.0,1.0,1.0,1.0
2005-12-30,105.20024626329095,100.72023010253906,103.41141,1.0,1.0,1.0,1.0,1.0
2006-01-06,104.63172178388011,110.84774017333984,103.39964,1.0,1.0,1.0,1.0,1.0
2006-01-13,100.93901343748965,110.84774017333984,103.36356,1.0,1.0,1.0,1.0,1.0
2006-01-20,104.09179788080927,110.84774017333984,103.31994,1.0,1.0,1.0,1.0,1.0
2006-01-27,101.03064211039234,110.84774017333984,103.255806,1.0,1.0,1.0,1.0,1.0
2006-02-03,101.1466535472955,110.84774017333984,103.22899,2.0,1.0,1.0,1.0,1.0
2006-02-10,105.54861813157177,106.01482391357422,103.26597,2.0,1.0,1.0,1.0,1.0
2006-02-17,105.7108944386708,106.01482391357422,103.3172,2.0,1.0,1.0,1.0,1.0
2006-02-24,105.88535811443712,106.01482391357422,103.37254,2.0,1.0,1.0,1.0,1.0
2006-03-03,105.88141655679635,106.01482391357422,103.44024,2.0,1.0,1.0,1.0,1.0
2006-03-10,105.42266525984985,99.38976287841797,103.619736,3.0,2.0,1.0,1.0,1.0
2006-03-17,105.47663173530091,99.38976287841797,103.655716,3.0,2.0,2.0,2.0,2.0
2006-03-24,105.52298581531004,99.38976287841797,103.663216,3.0,2.0,2.0,2.0,2.0
2006-03-31,105.65715258940975,99.38976287841797,103.727615,3.0,2.0,2.0,2.0,2.0
2006-04-07,104.16634190042724,101.13263702392578,103.890686,1.0,1.0,1.0,1.0,1.0
2006-04-14,103.50199891761271,101.13263702392578,103.87799,2.0,1.0,1.0,1.0,1.0
2006-04-21,101.46726726981832,101.13263702392578,103.83466,3.0,2.0,2.0,2.0,2.0
2006-04-28,101.36841514902892,101.13263702392578,103.81709,3.0,2.0,2.0,2.0,2.0
2006-05-05,101.46183883751615,101.13263702392578,103.82974,3.0,3.0,3.0,3.0,3.0
2006-05-12,107.54628886872187,97.1081771850586,103.80006,3.0,3.0,2.0,2.0,2.0
2006-05-19,107.7355069002768,97.1081771850586,103.83779,3.0,3.0,2.0,2.0,2.0
2006-05-26,103.03343526139683,97.1081771850586,103.83906,3.0,2.0,2.0,2.0,2.0
2006-06-02,103.158452094401,97.1081771850586,103.841286,3.0,2.0,2.0,2.0,2.0
2006-06-09,106.31094390573328,84.54753875732422,104.046036,3.0,2.0,1.0,1.0,1.0
2006-06-16,106.39266744472309,84.54753875732422,104.05484,3.0,2.0,1.0,1.0,1.0
2006-06-23,104.7250225820996,84.54753875732422,104.03665,3.0,2.0,2.0,2.0,2.0
2006-06-30,104.81723116381991,84.54753875732422,104.098434,3.0,2.0,2.0,2.0,2.0
2006-07-07,105.6486959949167,87.01801300048828,104.537186,2.0,1.0,1.0,1.0,1.0
2006-07-14,105.67449694944875,87.01801300048828,104.45995,2.0,1.0,1.0,1.0,1.0
2006-07-21,105.98172209354391,87.01801300048828,104.38286,1.0,1.0,1.0,1.0,1.0
2006-07-28,103.4406648088952,87.01801300048828,104.2986,3.0,2.0,1.0,1.0,1.0
2006-08-04,102.87796582065029,87.01801300048828,104.323845,3.0,2.0,1.0,1.0,1.0
2006-08-11,102.58365509738611,90.07515716552734,104.46371,3.0,3.0,3.0,3.0,3.0
2006-08-18,102.12729765738794,90.07515716552734,104.37742,3.0,3.0,3.0,3.0,3.0
2006-08-25,101.68773711665912,90.07515716552734,104.27626,3.0,3.0,3.0,3.0,3.0
2006-09-01,101.20837104094852,90.07515716552734,104.27234,3.0,3.0,3.0,3.0,3.0
2006-09-08,101.20637684075459,100.91927337646484,104.24465,3.0,3.0,3.0,3.0,3.0
2006-09-15,100.98877270433107,100.91927337646484,104.20105,3.0,3.0,3.0,3.0,3.0
2006-09-22,130.81309239535054,100.91927337646484,104.14831,3.0,3.0,3.0,3.0,3.0
2006-09-29,98.15474015909271,100.91927337646484,104.124916,1.0,1.0,1.0,1.0,1.0
2006-10-06,97.21003065509005,86.98322296142578,104.12578,1.0,1.0,1.0,1.0,1.0
2006-10-13,97.35082371398612,86.98322296142578,104.11454,1.0,1.0,1.0,1.0,1.0
2006-10-20,134.57345681616425,86.98322296142578,104.12513,2.0,2.0,2.0,2.0,2.0
2006-10-27,134.25281427243024,86.98322296142578,104.11054,2.0,2.0,2.0,2.0,2.0
2006-11-03,103.48151222395818,86.98322296142578,104.11307,3.0,3.0,3.0,3.0,3.0
2006-11-10,101.56892956562567,100.12948608398438,103.91395,3.0,3.0,3.0,3.0,3.0
2006-11-17,100.51655487097018,100.12948608398438,103.869934,3.0,3.0,3.0,3.0,3.0
2006-11-24,100.06633038342596,100.12948608398438,103.808846,3.0,3.0,3.0,3.0,3.0
2006-12-01,99.78360476780189,100.12948608398438,103.658,3.0,3.0,3.0,3.0,3.0
2006-12-08,95.73313305362069,110.39505767822266,103.32187,3.0,3.0,3.0,3.0,3.0
2006-12-15,95.68325284644513,110.39505767822266,103.28473,3.0,3.0,3.0,3.0,3.0
2006-12-22,95.65994900062904,110.39505767822266,103.248024,3.0,3.0,3.0,3.0,3.0
2006-12-29,95.61115963347102,110.39505767822266,103.2357,2.0,3.0,2.0,2.0,2.0
2007-01-05,97.75588784439164,106.37098693847656,103.11778,2.0,2.0,2.0,2.0,2.0
2007-01-12,98.42831832250104,106.37098693847656,103.158356,3.0,3.0,3.0,2.0,2.0
2007-01-19,98.58771097663951,106.37098693847656,103.18483,3.0,3.0,3.0,2.0,2.0
2007-01-26,97.57524674288435,106.37098693847656,103.21634,2.0,3.0,2.0,2.0,2.0
2007-02-02,97.90911564172985,106.37098693847656,103.26189,2.0,3.0,2.0,2.0,2.0
2007-02-09,99.24895235757876,100.30358123779297,103.26059,1.0,2.0,1.0,1.0,1.0
2007-02-16,99.4001841035775,100.30358123779297,103.27137,1.0,2.0,1.0,1.0,1.0
2007-02-23,99.45352994697761,100.30358123779297,103.26375,1.0,2.0,1.0,1.0,1.0
2007-03-02,99.66651629728604,100.30358123779297,103.296455,1.0,2.0,1.0,1.0,1.0
2007-03-09,97.19906688632328,114.78653717041016,103.3285,3.0,3.0,3.0,3.0,3.0
2007-03-16,97.34402954687066,114.78653717041016,103.346016,3.0,3.0,3.0,3.0,3.0
2007-03-23,96.7163489291313,114.78653717041016,103.35344,3.0,3.0,3.0,3.0,3.0
2007-03-30,98.69499294326256,114.78653717041016,103.329735,3.0,3.0,3.0,3.0,3.0
2007-04-06,100.01197102981057,117.10144805908203,103.31961,2.0,2.0,2.0,2.0,2.0
2007-04-13,100.01228689135513,117.10144805908203,103.31886,2.0,2.0,2.0,2.0,2.0
2007-04-20,93.97582469697328,117.10144805908203,103.34031,2.0,3.0,3.0,2.0,2.0
2007-04-27,100.08107880904882,117.10144805908203,103.34541,2.0,2.0,2.0,2.0,2.0
2007-05-04,100.65085050219334,117.10144805908203,103.37912,1.0,2.0,2.0,1.0,1.0
2007-05-11,98.52481547899659,99.02466583251953,103.37576,3.0,3.0,3.0,3.0,3.0
2007-05-18,98.72139863681572,99.02466583251953,103.41991,3.0,3.0,3.0,3.0,3.0
2007-05-25,98.79319793529181,99.02466583251953,103.469986,3.0,3.0,3.0,3.0,3.0
2007-06-01,99.01615736306977,99.02466583251953,103.485825,3.0,3.0,3.0,3.0,3.0
2007-06-08,99.14651312082518,107.9017333984375,103.48176,3.0,3.0,3.0,3.0,3.0
2007-06-15,99.14977873563166,107.9017333984375,103.4838,3.0,3.0,3.0,3.0,3.0
2007-06-22,96.43958016861772,107.9017333984375,103.48129,3.0,3.0,3.0,3.0,3.0
2007-06-29,98.6739369729896,107.9017333984375,103.47065,3.0,3.0,3.0,3.0,3.0
2007-07-06,98.71068074049859,107.9017333984375,103.508766,3.0,3.0,3.0,3.0,3.0
2007-07-13,95.69009486948373,124.9773941040039,103.71998,3.0,3.0,3.0,3.0,3.0
2007-07-20,96.27302550030203,124.9773941040039,103.71732,2.0,3.0,3.0,3.0,3.0
2007-07-27,95.95187270616553,124.9773941040039,103.725136,2.0,3.0,3.0,3.0,3.0
2007-08-03,96.00188517521396,124.9773941040039,103.80081,2.0,3.0,3.0,3.0,3.0
2007-08-10,96.46262911715722,121.33133697509766,103.95057,3.0,3.0,3.0,3.0,3.0
2007-08-17,97.52602812315547,121.33133697509766,103.99823,3.0,3.0,3.0,3.0,3.0
2007-08-24,97.94721200913885,121.33133697509766,104.08016,3.0,3.0,3.0,3.0,3.0
2007-08-31,95.5835742509981,121.33133697509766,104.12916,2.0,3.0,3.0,3.0,3.0
2007-09-07,95.89548296152955,99.69287109375,103.90109,2.0,3.0,3.0,3.0,3.0
2007-09-14,96.66145450812961,99.69287109375,103.97584,2.0,2.0,2.0,2.0,2.0
2007-09-21,98.38862951425739,99.69287109375,104.02863,1.0,2.0,2.0,2.0,2.0
2007-09-28,98.89986708750887,99.69287109375,104.09702,1.0,2.0,1.0,1.0,1.0
2007-10-05,98.76558384041304,99.69287109375,104.06224,1.0,1.0,1.0,1.0,1.0
2007-10-12,109.65784143003575,102.06681060791016,103.871056,2.0,2.0,2.0,2.0,2.0
2007-10-19,109.15668683258642,102.06681060791016,103.8714,2.0,2.0,2.0,3.0,2.0
2007-10-26,109.75164880191421,102.06681060791016,103.86081,1.0,2.0,2.0,2.0,2.0
2007-11-02,109.47110156844825,102.06681060791016,103.82473,2.0,2.0,3.0,3.0,3.0
2007-11-09,102.49676884253613,104.13068389892578,103.71091,2.0,2.0,3.0,3.0,3.0
2007-11-16,102.42047686682022,104.13068389892578,103.68465,2.0,2.0,3.0,3.0,3.0
2007-11-23,102.3402949002118,104.13068389892578,103.63713,2.0,2.0,3.0,3.0,3.0
2007-11-30,102.27833083285842,104.13068389892578,103.70943,2.0,2.0,3.0,3.0,3.0
2007-12-07,103.50971661657823,119.18321228027344,103.97057,1.0,1.0,1.0,1.0,1.0
2007-12-14,103.41235479867983,119.18321228027344,103.9562,1.0,1.0,1.0,1.0,1.0
2007-12-21,103.38185910194433,119.18321228027344,103.95167,1.0,1.0,1.0,1.0,1.0
2007-12-28,103.0151619960675,119.18321228027344,103.948074,1.0,2.0,2.0,2.0,2.0
2008-01-04,98.0923393719331,119.18321228027344,104.04825,1.0,2.0,2.0,2.0,2.0
2008-01-11,101.09063770165169,116.77803039550781,104.23065,1.0,2.0,2.0,2.0,2.0
2008-01-18,103.21972139818925,116.77803039550781,104.30045,1.0,1.0,1.0,1.0,1.0
2008-01-25,103.28839089466565,116.77803039550781,104.32938,1.0,1.0,2.0,1.0,1.0
2008-02-01,101.53180079754988,116.77803039550781,104.40111,1.0,2.0,2.0,2.0,2.0
2008-02-08,108.13049072592254,119.70455932617188,104.38976,2.0,2.0,2.0,2.0,2.0
2008-02-15,108.5466239595035,119.70455932617188,104.43494,2.0,2.0,2.0,2.0,2.0
2008-02-22,109.43695398032779,119.70455932617188,104.492325,1.0,1.0,2.0,1.0,1.0
2008-02-29,110.86303073618545,119.70455932617188,104.49838,1.0,2.0,2.0,2.0,2.0
2008-03-07,104.3983950280232,120.62519836425781,104.44042,1.0,1.0,1.0,1.0,1.0
2008-03-14,104.32977428920688,120.62519836425781,104.481064,1.0,1.0,1.0,1.0,1.0
2008-03-21,104.52311947640906,120.62519836425781,104.56112,1.0,1.0,1.0,1.0,1.0
2008-03-28,102.78966039984275,120.62519836425781,104.6079,1.0,1.0,1.0,1.0,1.0
2008-04-04,102.96654292948779,120.62519836425781,104.656975,1.0,1.0,1.0,1.0,1.0
2008-04-11,108.59408197096477,96.62664031982422,104.69706,2.0,2.0,2.0,2.0,2.0
2008-04-18,108.65653136636267,96.62664031982422,104.73954,2.0,2.0,2.0,2.0,2.0
2008-04-25,108.57485032550652,96.62664031982422,104.77556,2.0,2.0,2.0,2.0,2.0
2008-05-02,108.69403290279664,96.62664031982422,104.81694,2.0,2.0,2.0,2.0,2.0
2008-05-09,108.33821801027905,81.9389419555664,104.947525,2.0,2.0,3.0,3.0,3.0
2008-05-16,108.37184031104871,81.9389419555664,104.98727,2.0,2.0,3.0,3.0,3.0
2008-05-23,108.16776911743253,81.9389419555664,104.95702,2.0,2.0,3.0,3.0,2.0
2008-05-30,108.08952039001807,81.9389419555664,104.98682,2.0,2.0,3.0,3.0,2.0
2008-06-06,108.10743196199277,86.64802551269531,105.10502,1.0,2.0,2.0,2.0,2.0
2008-06-13,107.63999794463143,86.64802551269531,105.02603,1.0,2.0,2.0,2.0,2.0
2008-06-20,107.27284361624838,86.64802551269531,104.94406,1.0,1.0,2.0,2.0,2.0
2008-06-27,106.83358768071626,86.64802551269531,104.853355,1.0,1.0,2.0,2.0,1.0
2008-07-04,106.687676190253,86.64802551269531,104.80723,1.0,1.0,2.0,1.0,1.0
2008-07-11,105.33996180308763,56.315147399902344,104.64802,1.0,1.0,1.0,1.0,1.0
2008-07-18,105.24954328325106,56.315147399902344,104.54531,1.0,1.0,1.0,1.0,1.0
2008-07-25,104.74861198054376,56.315147399902344,104.46845,1.0,1.0,1.0,1.0,1.0
2008-08-01,104.64414798838018,56.315147399902344,104.36931,1.0,1.0,1.0,1.0,1.0
2008-08-08,105.04736910594563,58.76279067993164,104.33127,1.0,1.0,1.0,1.0,1.0
2008-08-15,104.8102586455137,58.76279067993164,104.192085,1.0,1.0,1.0,1.0,1.0
2008-08-22,104.55535939208559,58.76279067993164,104.030754,1.0,1.0,1.0,1.0,1.0
2008-08-29,104.3672701520518,58.76279067993164,103.81815,1.0,1.0,1.0,1.0,1.0
2008-09-05,103.48162383538778,58.76279067993164,103.631454,1.0,1.0,1.0,1.0,1.0
2008-09-12,102.4567006582146,48.302207946777344,103.39542,1.0,1.0,1.0,1.0,1.0
2008-09-19,101.41910700254881,48.302207946777344,103.20455,1.0,1.0,1.0,1.0,1.0
2008-09-26,96.26691370701418,48.302207946777344,102.98376,1.0,1.0,1.0,1.0,1.0
2008-10-03,94.98508436882538,48.302207946777344,102.75278,2.0,1.0,1.0,1.0,1.0
2008-10-10,94.17775943419612,66.635009765625,102.540794,2.0,1.0,1.0,1.0,1.0
2008-10-17,93.38477281000429,66.635009765625,102.39295,2.0,1.0,2.0,2.0,1.0
2008-10-24,91.93611194830427,66.635009765625,102.19916,2.0,2.0,2.0,2.0,2.0
2008-10-31,90.63314083039774,66.635009765625,101.95378,3.0,2.0,2.0,2.0,2.0
2008-11-07,100.57556971203009,89.3970947265625,101.73657,3.0,2.0,3.0,3.0,3.0
2008-11-14,100.15335659837464,89.3970947265625,101.579575,3.0,3.0,3.0,3.0,3.0
2008-11-21,109.31908965057514,89.3970947265625,101.426445,3.0,2.0,2.0,2.0,2.0
2008-11-28,109.1007679122384,89.3970947265625,101.25359,3.0,2.0,2.0,2.0,2.0
2008-12-05,109.99192900661652,89.3970947265625,101.14119,2.0,2.0,2.0,2.0,2.0
2008-12-12,103.61249951402662,127.82997131347656,100.9361,3.0,2.0,2.0,3.0,3.0
2008-12-19,103.19567891895156,127.82997131347656,100.878555,3.0,2.0,3.0,3.0,3.0
2008-12-26,103.0736987628986,127.82997131347656,100.85051,3.0,2.0,3.0,3.0,3.0
2009-01-02,111.57738253149796,127.82997131347656,100.807144,3.0,3.0,3.0,3.0,3.0
2009-01-09,101.70551052759703,113.2411117553711,100.75506,3.0,3.0,3.0,3.0,3.0
2009-01-16,102.31780448789553,113.2411117553711,100.82049,3.0,3.0,3.0,3.0,3.0
2009-01-23,102.98835031351435,113.2411117553711,100.873314,3.0,3.0,3.0,3.0,3.0
2009-01-30,92.6926999184559,113.2411117553711,100.936745,3.0,3.0,3.0,3.0,3.0
2009-02-06,151.05446802515934,124.37169647216797,101.00325,3.0,3.0,3.0,3.0,3.0
2009-02-13,151.8943672172674,124.37169647216797,101.14103,3.0,3.0,3.0,3.0,3.0
2009-02-20,118.8894151823939,124.37169647216797,101.2609,3.0,3.0,3.0,3.0,3.0
2009-02-27,117.60575139398225,124.37169647216797,101.28881,3.0,3.0,3.0,3.0,3.0
2009-03-06,112.64901810255492,130.70703125,101.38447,3.0,3.0,3.0,3.0,3.0
2009-03-13,113.22269344619245,130.70703125,101.477135,3.0,3.0,3.0,3.0,3.0
2009-03-20,112.61026695160567,130.70703125,101.49662,3.0,3.0,3.0,3.0,3.0
2009-03-27,117.26589508803164,130.70703125,101.55378,3.0,3.0,3.0,3.0,3.0
2009-04-03,117.6666592607911,130.70703125,101.63107,3.0,3.0,3.0,3.0,3.0
2009-04-10,98.8496420421811,104.16988372802734,101.5886,3.0,3.0,3.0,3.0,3.0
2009-04-17,96.28651243179456,104.16988372802734,101.74489,1.0,1.0,1.0,1.0,1.0
2009-04-24,97.29033152497094,104.16988372802734,101.87589,1.0,1.0,1.0,1.0,1.0
2009-05-01,97.10485595348133,104.16988372802734,101.900215,1.0,1.0,1.0,1.0,1.0
2009-05-08,95.6374015901514,112.58899688720703,101.84409,2.0,2.0,2.0,2.0,2.0
2009-05-15,95.71027970621692,112.58899688720703,101.864075,2.0,2.0,2.0,2.0,2.0
2009-05-22,95.70875954469575,112.58899688720703,101.87111,2.0,2.0,2.0,2.0,2.0
2009-05-29,91.99714891621662,112.58899688720703,101.84931,3.0,3.0,3.0,3.0,3.0
2009-06-05,92.1501492298773,112.58899688720703,101.82102,3.0,3.0,3.0,3.0,3.0
2009-06-12,111.00161976116509,93.3497543334961,101.6642,2.0,2.0,2.0,2.0,2.0
2009-06-19,110.86247342046505,93.3497543334961,101.65176,2.0,2.0,2.0,2.0,2.0
2009-06-26,110.91368698046436,93.3497543334961,101.66862,2.0,2.0,2.0,2.0,2.0
2009-07-03,110.79883775828776,93.3497543334961,101.61245,2.0,2.0,2.0,2.0,2.0
2009-07-10,101.90484260193143,113.44316864013672,101.536896,2.0,2.0,2.0,2.0,2.0
2009-07-17,101.96806872066851,113.44316864013672,101.56285,2.0,2.0,2.0,2.0,2.0
2009-07-24,101.9533819157169,113.44316864013672,101.572395,2.0,2.0,2.0,2.0,2.0
2009-07-31,101.78343376394831,113.44316864013672,101.546165,1.0,2.0,1.0,2.0,2.0
2009-08-07,101.84008979058244,109.77642059326172,101.79473,2.0,3.0,2.0,3.0,3.0
2009-08-14,101.88981073204972,109.77642059326172,101.80509,2.0,3.0,2.0,3.0,3.0
2009-08-21,102.04540078973369,109.77642059326172,101.82278,2.0,3.0,2.0,3.0,3.0
2009-08-28,99.14935793792836,109.77642059326172,101.858665,1.0,1.0,1.0,1.0,1.0
2009-09-04,99.23501481033101,109.77642059326172,101.99174,1.0,1.0,1.0,1.0,1.0
2009-09-11,95.80855812144242,102.46253204345703,102.132706,1.0,1.0,1.0,1.0,1.0
2009-09-18,95.23359350869595,102.46253204345703,102.14888,1.0,1.0,1.0,1.0,1.0
2009-09-25,95.61427880302747,102.46253204345703,102.20551,1.0,1.0,1.0,1.0,1.0
2009-10-02,95.91213222398669,102.46253204345703,102.25483,1.0,1.0,1.0,1.0,1.0
2009-10-09,102.08549415472974,96.06151580810547,102.19296,1.0,1.0,1.0,1.0,1.0
2009-10-16,102.03392005133381,96.06151580810547,102.14393,1.0,1.0,1.0,1.0,1.0
2009-10-23,102.55267919156606,96.06151580810547,102.10305,1.0,1.0,1.0,1.0,1.0
2009-10-30,102.52161053250155,96.06151580810547,102.0463,1.0,1.0,1.0,1.0,1.0
2009-11-06,113.90401649492173,97.8877182006836,101.823654,3.0,3.0,3.0,3.0,3.0
2009-11-13,113.85610441136971,97.8877182006836,101.85047,3.0,3.0,3.0,3.0,3.0
2009-11-20,113.72237372215328,97.8877182006836,101.8504,3.0,3.0,3.0,3.0,3.0
2009-11-27,113.62064222684333,97.8877182006836,101.83315,3.0,3.0,3.0,3.0,3.0
2009-12-04,113.70834354227989,97.8877182006836,101.7602,3.0,3.0,3.0,3.0,3.0
2009-12-11,105.94683855621415,110.14213562011719,101.61791,3.0,3.0,3.0,3.0,3.0
2009-12-18,105.84011209374218,110.14213562011719,101.613495,3.0,3.0,3.0,3.0,3.0
2009-12-25,104.82802822242814,110.14213562011719,101.61248,3.0,3.0,3.0,3.0,3.0
2010-01-01,104.7026455741343,110.14213562011719,101.57665,3.0,3.0,3.0,3.0,3.0
2010-01-08,100.1960889161399,107.66309356689453,101.70208,3.0,3.0,3.0,3.0,3.0
2010-01-15,100.15170180016372,107.66309356689453,101.71248,3.0,3.0,3.0,3.0,3.0
2010-01-22,103.12853623635253,107.66309356689453,101.73881,3.0,3.0,3.0,3.0,3.0
2010-01-29,103.02900518996648,107.66309356689453,101.83534,3.0,3.0,3.0,3.0,3.0
2010-02-05,109.9935789189832,83.39653778076172,101.98239,3.0,3.0,3.0,3.0,3.0
2010-02-12,110.01491887291279,83.39653778076172,102.034096,3.0,3.0,3.0,3.0,3.0
2010-02-19,110.02433681996932,83.39653778076172,102.04454,3.0,3.0,3.0,3.0,3.0
2010-02-26,110.04023464901745,83.39653778076172,102.06675,3.0,3.0,3.0,3.0,3.0
2010-03-05,114.4540943666636,83.39653778076172,102.026184,3.0,3.0,3.0,3.0,3.0
2010-03-12,113.66180989666198,88.33138275146484,101.811295,3.0,3.0,3.0,3.0,3.0
2010-03-19,113.48846295731633,88.33138275146484,101.76216,3.0,3.0,3.0,3.0,3.0
2010-03-26,113.36140972741717,88.33138275146484,101.69788,3.0,3.0,3.0,3.0,3.0
2010-04-02,112.14640131036839,88.33138275146484,101.584274,3.0,3.0,3.0,3.0,3.0
2010-04-09,91.286943285479,109.63372802734375,101.37531,3.0,3.0,3.0,3.0,3.0
2010-04-16,91.3585437672464,109.63372802734375,101.31652,3.0,3.0,3.0,3.0,3.0
2010-04-23,91.30321607737494,109.63372802734375,101.26422,3.0,3.0,3.0,3.0,3.0
2010-04-30,90.01986260959515,109.63372802734375,101.18488,3.0,3.0,3.0,3.0,3.0
2010-05-07,79.09261204252971,105.09422302246094,100.99697,3.0,3.0,3.0,3.0,3.0
2010-05-14,81.34723133221414,105.09422302246094,101.0031,3.0,3.0,3.0,3.0,3.0
2010-05-21,81.67035649431101,105.09422302246094,101.03007,3.0,3.0,3.0,3.0,3.0
2010-05-28,85.62118262404464,105.09422302246094,101.04983,3.0,3.0,3.0,3.0,3.0
2010-06-04,88.51778426421005,105.09422302246094,101.0624,3.0,3.0,3.0,3.0,3.0
2010-06-11,100.17951943196667,97.55906677246094,101.121315,1.0,1.0,1.0,1.0,2.0
2010-06-18,100.22072765761543,97.55906677246094,101.10496,1.0,1.0,1.0,1.0,2.0
2010-06-25,100.14972904978495,97.55906677246094,101.07341,1.0,1.0,1.0,1.0,2.0
2010-07-02,100.91585691230043,97.55906677246094,101.12162,1.0,1.0,1.0,1.0,1.0
2010-07-09,101.23137330261632,109.0482177734375,101.20532,1.0,1.0,1.0,1.0,1.0
2010-07-16,101.23215449807016,109.0482177734375,101.20625,1.0,1.0,1.0,1.0,1.0
2010-07-23,102.20729118899163,109.0482177734375,101.17815,3.0,3.0,3.0,3.0,3.0
2010-07-30,101.957238573059,109.0482177734375,101.21341,2.0,2.0,3.0,2.0,3.0
2010-08-06,103.18375226671264,102.89789581298828,101.33971,1.0,2.0,2.0,2.0,2.0
2010-08-13,103.14787680825111,102.89789581298828,101.375824,1.0,2.0,2.0,2.0,2.0
2010-08-20,102.85161259214699,102.89789581298828,101.415504,1.0,1.0,2.0,2.0,2.0
2010-08-27,102.52118512127623,102.89789581298828,101.44377,1.0,1.0,1.0,1.0,1.0
2010-09-03,102.56060295779992,102.89789581298828,101.50322,1.0,1.0,1.0,1.0,1.0
2010-09-10,104.11432964065665,112.06584930419922,101.484,2.0,3.0,3.0,3.0,3.0
2010-09-17,104.386647949309,112.06584930419922,101.53812,2.0,3.0,3.0,3.0,3.0
2010-09-24,105.55122350790644,112.06584930419922,101.558365,2.0,2.0,3.0,3.0,3.0
2010-10-01,102.18661406451629,112.06584930419922,101.49747,1.0,1.0,1.0,1.0,1.0
2010-10-08,101.69227911739516,100.89761352539062,101.41637,1.0,2.0,2.0,2.0,2.0
2010-10-15,101.71549064533578,100.89761352539062,101.44363,1.0,2.0,2.0,2.0,2.0
2010-10-22,101.80226659059986,100.89761352539062,101.46909,1.0,2.0,2.0,2.0,2.0
2010-10-29,101.52320572537555,100.89761352539062,101.50321,2.0,2.0,3.0,2.0,3.0
2010-11-05,101.09241447438534,100.89761352539062,101.5107,2.0,2.0,3.0,3.0,3.0
2010-11-12,101.59315490722656,105.07829284667969,101.593155,1.0,1.0,1.0,1.0,1.0
2010-11-19,101.63691711425781,105.07829284667969,101.63692,1.0,1.0,1.0,1.0,1.0
2010-11-26,101.80551963882209,105.07829284667969,101.65875,1.0,1.0,1.0,1.0,1.0
2010-12-03,101.6871566772461,105.07829284667969,101.68716,1.0,1.0,1.0,1.0,1.0
2010-12-10,102.02781957633724,117.95346069335938,101.611244,1.0,1.0,1.0,1.0,1.0
2010-12-17,102.01817052822618,117.95346069335938,101.59666,1.0,1.0,1.0,1.0,1.0
2010-12-24,101.98832059213063,117.95346069335938,101.57165,1.0,1.0,1.0,1.0,1.0
2010-12-31,102.49129028041278,117.95346069335938,101.52326,1.0,1.0,1.0,1.0,1.0
2011-01-07,101.84668725697937,108.72689819335938,101.44731,1.0,1.0,1.0,1.0,1.0
2011-01-14,101.87549449452737,108.72689819335938,101.47494,1.0,1.0,1.0,1.0,1.0
2011-01-21,101.91717182911455,108.72689819335938,101.51113,1.0,1.0,1.0,1.0,1.0
2011-01-28,101.96625381561513,108.72689819335938,101.5476,1.0,1.0,1.0,1.0,1.0
2011-02-04,101.34276986198856,93.06229400634766,101.61436,1.0,1.0,1.0,1.0,1.0
2011-02-11,101.437371299918,93.06229400634766,101.72036,1.0,1.0,1.0,1.0,1.0
2011-02-18,104.43321438980483,93.06229400634766,101.807846,1.0,1.0,1.0,1.0,1.0
2011-02-25,104.61026727813339,93.06229400634766,101.85728,1.0,1.0,1.0,1.0,1.0
2011-03-04,104.65138033861507,93.06229400634766,101.89417,2.0,1.0,1.0,1.0,1.0
2011-03-11,107.3782511366251,80.1236572265625,101.79998,2.0,2.0,2.0,1.0,1.0
2011-03-18,107.0968355539704,80.1236572265625,101.785904,2.0,2.0,2.0,1.0,1.0
2011-03-25,106.58556656635315,80.1236572265625,101.75633,2.0,2.0,1.0,1.0,1.0
2011-04-01,104.51304704193642,80.1236572265625,101.71248,1.0,1.0,1.0,1.0,1.0
2011-04-08,104.8103537587779,95.6269760131836,101.634865,1.0,1.0,1.0,1.0,1.0
2011-04-15,104.41457614913774,95.6269760131836,101.590355,1.0,1.0,1.0,1.0,1.0
2011-04-22,104.2357757304668,95.6269760131836,101.51609,1.0,1.0,1.0,1.0,1.0
2011-04-29,102.00174415067158,95.6269760131836,101.43969,1.0,1.0,1.0,1.0,1.0
2011-05-06,101.60926818847656,90.0675048828125,101.60927,1.0,1.0,1.0,1.0,1.0
2011-05-13,101.58958435058594,90.0675048828125,101.589584,1.0,1.0,1.0,1.0,1.0
2011-05-20,101.57483673095703,90.0675048828125,101.57484,1.0,1.0,1.0,1.0,1.0
2011-05-27,101.56634521484375,90.0675048828125,101.566345,1.0,1.0,1.0,1.0,1.0
2011-06-03,101.83150493007575,90.0675048828125,101.616,1.0,1.0,1.0,1.0,1.0
2011-06-10,101.13887120688128,83.68130493164062,101.78665,1.0,1.0,1.0,1.0,1.0
2011-06-17,101.0127214548203,83.68130493164062,101.747536,1.0,1.0,1.0,1.0,1.0
2011-06-24,100.91802220983418,83.68130493164062,101.70189,1.0,1.0,1.0,1.0,1.0
2011-07-01,101.2913759538681,83.68130493164062,101.74649,2.0,1.0,1.0,1.0,1.0
2011-07-08,100.34124730684667,107.8795394897461,101.88908,2.0,1.0,1.0,1.0,1.0
2011-07-15,101.10475249160255,107.8795394897461,101.84116,1.0,1.0,1.0,1.0,1.0
2011-07-22,101.0561736603807,107.8795394897461,101.78725,1.0,1.0,1.0,1.0,1.0
2011-07-29,100.98452110173035,107.8795394897461,101.71569,1.0,1.0,1.0,1.0,1.0
2011-08-05,100.96118281068671,107.8795394897461,101.72104,2.0,1.0,1.0,1.0,1.0
2011-08-12,100.97341633161692,121.85237884521484,101.686356,1.0,1.0,1.0,1.0,1.0
2011-08-19,101.04002913451448,121.85237884521484,101.70278,1.0,1.0,1.0,1.0,1.0
2011-08-26,101.06183522053308,121.85237884521484,101.7052,1.0,1.0,1.0,1.0,1.0
2011-09-02,101.13895470450704,121.85237884521484,101.73463,1.0,1.0,1.0,1.0,1.0
2011-09-09,101.83553314208984,104.63195037841797,101.83553,1.0,1.0,1.0,1.0,1.0
2011-09-16,101.87773132324219,104.63195037841797,101.87773,1.0,1.0,1.0,1.0,1.0
2011-09-23,101.95650482177734,104.63195037841797,101.956505,1.0,1.0,1.0,1.0,1.0
2011-09-30,102.08866119384766,104.63195037841797,102.08866,1.0,1.0,1.0,1.0,1.0
2011-10-07,102.3336251864746,99.00704956054688,102.32011,2.0,1.0,1.0,1.0,1.0
2011-10-14,102.36750793457031,99.00704956054688,102.36751,1.0,1.0,1.0,1.0,1.0
2011-10-21,102.38542175292969,99.00704956054688,102.38542,1.0,1.0,1.0,1.0,1.0
2011-10-28,102.40206909179688,99.00704956054688,102.40207,1.0,1.0,1.0,1.0,1.0
2011-11-04,102.43307783537288,99.00704956054688,102.41986,2.0,1.0,1.0,1.0,1.0
2011-11-11,98.84152687905377,111.63492584228516,102.31885,3.0,3.0,3.0,3.0,3.0
2011-11-18,98.8170972992199,111.63492584228516,102.31408,3.0,3.0,3.0,3.0,3.0
2011-11-25,98.81902891163723,111.63492584228516,102.31149,3.0,3.0,3.0,3.0,3.0
2011-12-02,96.23781935816226,111.63492584228516,102.263466,3.0,3.0,3.0,3.0,3.0
2011-12-09,98.31876339209477,105.28205871582031,102.20521,3.0,3.0,3.0,3.0,3.0
2011-12-16,98.40577250198454,105.28205871582031,102.21993,3.0,3.0,3.0,3.0,3.0
2011-12-23,98.46924692428054,105.28205871582031,102.22726,3.0,3.0,3.0,3.0,3.0
2011-12-30,111.11022732370428,105.28205871582031,102.26794,3.0,3.0,3.0,3.0,3.0
2012-01-06,99.40511256507877,97.88235473632812,102.24511,3.0,3.0,3.0,3.0,3.0
2012-01-13,94.28196846472554,97.88235473632812,102.273384,3.0,3.0,3.0,3.0,3.0
2012-01-20,98.59347572044463,97.88235473632812,102.3011,3.0,3.0,3.0,3.0,3.0
2012-01-27,98.87659642359478,97.88235473632812,102.30943,3.0,3.0,3.0,3.0,3.0
2012-02-03,100.6669328156207,97.88235473632812,102.32912,2.0,2.0,1.0,1.0,1.0
2012-02-10,99.86513415450162,87.79016876220703,102.28695,2.0,2.0,1.0,1.0,1.0
2012-02-17,102.60120646355703,87.79016876220703,102.27625,3.0,2.0,2.0,2.0,2.0
2012-02-24,102.52932253379204,87.79016876220703,102.24292,3.0,2.0,2.0,2.0,2.0
2012-03-02,102.32491665748724,87.79016876220703,102.21624,3.0,2.0,2.0,2.0,2.0
2012-03-09,102.51045798745912,86.3388442993164,102.0131,3.0,2.0,2.0,2.0,2.0
2012-03-16,102.3698294250807,86.3388442993164,101.96294,3.0,2.0,2.0,2.0,2.0
2012-03-23,102.19135968211518,86.3388442993164,101.8968,3.0,2.0,2.0,2.0,2.0
2012-03-30,101.81092529592978,86.3388442993164,101.78494,3.0,2.0,2.0,2.0,2.0
2012-04-06,101.85859795686193,108.3060302734375,101.5727,3.0,2.0,2.0,2.0,2.0
2012-04-13,101.76049606010885,108.3060302734375,101.49236,3.0,2.0,2.0,2.0,2.0
2012-04-20,101.66394837154981,108.3060302734375,101.411705,3.0,2.0,2.0,2.0,2.0
2012-04-27,98.64528243974813,108.3060302734375,101.311584,3.0,3.0,2.0,2.0,2.0
2012-05-04,100.11494968199487,108.3060302734375,101.26144,3.0,3.0,3.0,3.0,3.0
2012-05-11,99.53314164694703,113.04061126708984,101.20223,3.0,3.0,3.0,3.0,3.0
2012-05-18,99.50453799475564,113.04061126708984,101.178795,3.0,3.0,3.0,3.0,3.0
2012-05-25,99.83016705426323,113.04061126708984,101.17713,3.0,3.0,3.0,3.0,3.0
2012-06-01,99.52460150280567,113.04061126708984,101.18746,3.0,3.0,3.0,3.0,3.0
2012-06-08,101.5582783812935,100.86461639404297,101.083336,3.0,3.0,3.0,3.0,3.0
2012-06-15,101.65143336061348,100.86461639404297,101.12086,3.0,3.0,3.0,3.0,3.0
2012-06-22,102.53216115292659,100.86461639404297,101.19646,2.0,3.0,3.0,3.0,3.0
2012-06-29,102.64774688065627,100.86461639404297,101.15027,3.0,3.0,3.0,3.0,3.0
2012-07-06,105.87973546660542,100.86461639404297,101.10728,3.0,3.0,3.0,3.0,3.0
2012-07-13,101.03461171436338,89.5981216430664,100.89556,3.0,3.0,3.0,3.0,3.0
2012-07-20,99.45384491079939,89.5981216430664,100.92432,2.0,3.0,2.0,2.0,2.0
2012-07-27,101.07982449050945,89.5981216430664,100.93277,3.0,3.0,3.0,3.0,3.0
2012-08-03,100.94649900398697,89.5981216430664,100.85187,3.0,3.0,3.0,3.0,3.0
2012-08-10,115.44490848178764,96.31629943847656,100.76365,3.0,3.0,3.0,3.0,3.0
2012-08-17,115.0212730074604,96.31629943847656,100.74346,3.0,3.0,3.0,3.0,3.0
2012-08-24,114.44121142007586,96.31629943847656,100.71549,3.0,3.0,3.0,3.0,3.0
2012-08-31,108.63450215070291,96.31629943847656,100.66967,3.0,3.0,3.0,3.0,3.0
2012-09-07,102.374802390902,107.48762512207031,100.63561,3.0,3.0,3.0,3.0,3.0
2012-09-14,102.2317755621491,107.48762512207031,100.581894,3.0,3.0,3.0,3.0,3.0
2012-09-21,102.27593938869659,107.48762512207031,100.55375,3.0,3.0,3.0,3.0,3.0
2012-09-28,102.31518995360483,107.48762512207031,100.57214,3.0,3.0,3.0,3.0,3.0
2012-10-05,102.31366936014153,107.48762512207031,100.56198,3.0,3.0,3.0,3.0,3.0
2012-10-12,99.5178637068806,107.8504638671875,100.527916,3.0,3.0,3.0,3.0,3.0
2012-10-19,99.48693146778022,107.8504638671875,100.51342,3.0,3.0,3.0,3.0,3.0
2012-10-26,99.47659791339721,107.8504638671875,100.52415,3.0,3.0,3.0,3.0,3.0
2012-11-02,99.48981013471037,107.8504638671875,100.54172,3.0,3.0,3.0,3.0,3.0
2012-11-09,115.18206129398285,97.28108215332031,100.423035,3.0,3.0,3.0,3.0,3.0
2012-11-16,115.21700193497193,97.28108215332031,100.45486,3.0,3.0,3.0,3.0,3.0
2012-11-23,115.86015220011534,97.28108215332031,100.48583,3.0,3.0,3.0,3.0,3.0
2012-11-30,113.48338784801521,97.28108215332031,100.470955,3.0,3.0,3.0,3.0,3.0
2012-12-07,110.03107359335905,99.05644226074219,100.25131,3.0,3.0,3.0,3.0,3.0
2012-12-14,110.06918072236991,99.05644226074219,100.291664,3.0,3.0,3.0,3.0,3.0
2012-12-21,109.98842978785662,99.05644226074219,100.322586,3.0,3.0,3.0,3.0,3.0
2012-12-28,109.65119991433335,99.05644226074219,100.3309,3.0,3.0,3.0,3.0,3.0
2013-01-04,100.01651709451329,102.39934539794922,100.05522,3.0,3.0,3.0,3.0,3.0
2013-01-11,99.81914038714785,102.39934539794922,100.04762,3.0,3.0,3.0,3.0,3.0
2013-01-18,99.65773892359566,102.39934539794922,100.03815,3.0,3.0,3.0,3.0,3.0
2013-01-25,99.54923849397183,102.39934539794922,100.02817,3.0,3.0,3.0,3.0,3.0
2013-02-01,99.24208347149334,102.39934539794922,99.925735,3.0,3.0,3.0,3.0,3.0
2013-02-08,95.89989239372001,96.88937377929688,99.66984,3.0,3.0,3.0,3.0,3.0
2013-02-15,95.8696883696883,96.88937377929688,99.65136,3.0,3.0,3.0,3.0,3.0
2013-02-22,95.82677487122714,96.88937377929688,99.63052,3.0,3.0,3.0,3.0,3.0
2013-03-01,95.84750503612958,96.88937377929688,99.58526,3.0,3.0,3.0,3.0,3.0
2013-03-08,99.21650226368978,100.62278747558594,99.40633,3.0,3.0,3.0,3.0,3.0
2013-03-15,99.26510403612414,100.62278747558594,99.41905,3.0,3.0,3.0,3.0,3.0
2013-03-22,99.31417961912645,100.62278747558594,99.430984,3.0,3.0,3.0,3.0,3.0
2013-03-29,99.21187602937097,100.62278747558594,99.42921,3.0,3.0,3.0,3.0,3.0
2013-04-05,99.27066021274231,100.62278747558594,99.43902,3.0,3.0,3.0,3.0,3.0
2013-04-12,102.33874820485683,112.95343017578125,99.61496,3.0,3.0,3.0,3.0,3.0
2013-04-19,102.44032268737544,112.95343017578125,99.660385,3.0,3.0,3.0,3.0,3.0
2013-04-26,102.4937708319956,112.95343017578125,99.6632,3.0,3.0,3.0,3.0,3.0
2013-05-03,101.25594981888163,112.95343017578125,99.73683,2.0,3.0,3.0,3.0,3.0
2013-05-10,99.46265779339018,109.11891174316406,100.025246,2.0,3.0,3.0,3.0,3.0
2013-05-17,99.52980512858196,109.11891174316406,100.064575,2.0,3.0,3.0,3.0,3.0
2013-05-24,99.65925400498297,109.11891174316406,100.12136,2.0,3.0,3.0,3.0,3.0
2013-05-31,99.76369005143223,109.11891174316406,100.23146,2.0,3.0,3.0,3.0,3.0
2013-06-07,94.84868882371944,95.1469497680664,100.66851,2.0,2.0,3.0,3.0,3.0
2013-06-14,94.93845382315898,95.1469497680664,100.69554,2.0,2.0,3.0,3.0,3.0
2013-06-21,95.169209720723,95.1469497680664,100.74886,1.0,2.0,3.0,3.0,3.0
2013-06-28,95.3207000140897,95.1469497680664,100.781944,1.0,2.0,3.0,3.0,3.0
2013-07-05,95.43168052290223,95.1469497680664,100.96749,1.0,2.0,3.0,3.0,3.0
2013-07-12,97.63355618052827,90.1830062866211,101.461815,3.0,3.0,3.0,3.0,3.0
2013-07-19,97.63941114371522,90.1830062866211,101.45266,3.0,3.0,3.0,3.0,3.0
2013-07-26,94.39526975671131,90.1830062866211,101.44483,3.0,3.0,3.0,3.0,3.0
2013-08-02,97.64805364082316,90.1830062866211,101.63377,2.0,3.0,3.0,3.0,3.0
2013-08-09,98.57172740577134,88.79351806640625,102.12346,1.0,2.0,2.0,3.0,3.0
2013-08-16,98.50328109427134,88.79351806640625,102.09085,1.0,2.0,2.0,3.0,3.0
2013-08-23,98.28610386428224,88.79351806640625,102.05953,1.0,2.0,2.0,2.0,3.0
2013-08-30,97.87203182204811,88.79351806640625,102.20507,1.0,1.0,2.0,2.0,2.0
2013-09-06,97.40995386463415,105.22679901123047,102.81421,1.0,1.0,2.0,2.0,2.0
2013-09-13,97.5144807215227,105.22679901123047,102.75015,1.0,1.0,2.0,2.0,2.0
2013-09-20,97.44859364423299,105.22679901123047,102.69539,1.0,1.0,2.0,2.0,2.0
2013-09-27,97.40274965533806,105.22679901123047,102.65185,1.0,1.0,2.0,2.0,2.0
2013-10-04,97.59307726759982,105.22679901123047,102.73943,1.0,1.0,2.0,2.0,2.0
2013-10-11,96.47036011241208,103.11863708496094,103.00544,2.0,3.0,3.0,3.0,3.0
2013-10-18,96.39790041518582,103.11863708496094,102.97482,2.0,3.0,3.0,3.0,3.0
2013-10-25,96.44310925936178,103.11863708496094,102.96594,2.0,3.0,3.0,3.0,3.0
2013-11-01,96.28231569095699,103.11863708496094,103.01117,2.0,3.0,3.0,3.0,3.0
2013-11-08,96.65716322719334,107.75923919677734,102.9903,2.0,2.0,3.0,3.0,3.0
2013-11-15,96.99633381767278,107.75923919677734,102.97072,2.0,2.0,3.0,3.0,3.0
2013-11-22,96.56274032889885,107.75923919677734,102.955444,2.0,2.0,3.0,3.0,3.0
2013-11-29,96.54065328935114,107.75923919677734,102.91169,2.0,2.0,3.0,3.0,3.0
2013-12-06,97.68008471667405,107.75923919677734,102.796844,1.0,2.0,3.0,3.0,3.0
2013-12-13,96.27494124833646,103.1165542602539,102.42925,1.0,1.0,2.0,2.0,3.0
2013-12-20,96.30896751886482,103.1165542602539,102.42085,1.0,1.0,2.0,2.0,3.0
2013-12-27,96.340671657582,103.1165542602539,102.41344,1.0,1.0,2.0,2.0,3.0
2014-01-03,95.94514182321245,103.1165542602539,102.39177,1.0,2.0,2.0,2.0,3.0
2014-01-10,94.82175413163515,97.70841217041016,102.26438,1.0,2.0,2.0,2.0,3.0
2014-01-17,94.87789805390459,97.70841217041016,102.268974,1.0,2.0,2.0,2.0,3.0
2014-01-24,95.2080163633312,97.70841217041016,102.26697,1.0,2.0,2.0,2.0,3.0
2014-01-31,95.43745391202583,97.70841217041016,102.21622,1.0,2.0,2.0,2.0,3.0
2014-02-07,97.27746905562067,101.21843719482422,101.83589,1.0,1.0,2.0,2.0,2.0
2014-02-14,96.98708962646384,101.21843719482422,101.8376,1.0,1.0,2.0,2.0,2.0
2014-02-21,97.04875080086904,101.21843719482422,101.836784,1.0,1.0,2.0,2.0,2.0
2014-02-28,97.57152281343463,101.21843719482422,101.68982,1.0,1.0,1.0,2.0,2.0
2014-03-07,97.01242229804194,105.23834228515625,101.49342,1.0,1.0,2.0,2.0,2.0
2014-03-14,97.01789425325228,105.23834228515625,101.49046,1.0,1.0,2.0,2.0,2.0
2014-03-21,97.04287940793705,105.23834228515625,101.49526,1.0,1.0,2.0,2.0,2.0
2014-03-28,97.07505794415019,105.23834228515625,101.49844,1.0,1.0,2.0,2.0,2.0
2014-04-04,97.10068618512817,105.23834228515625,101.48678,1.0,1.0,2.0,2.0,2.0
2014-04-11,97.84461973732652,99.08480834960938,101.4873,1.0,1.0,1.0,2.0,2.0
2014-04-18,97.98891045654531,99.08480834960938,101.489716,1.0,1.0,1.0,2.0,2.0
2014-04-25,97.22592167814744,99.08480834960938,101.50809,1.0,1.0,1.0,2.0,2.0
2014-05-02,96.5466809319434,99.08480834960938,101.5054,1.0,1.0,2.0,2.0,2.0
2014-05-09,101.9992501081485,94.1284408569336,101.39606,1.0,1.0,1.0,2.0,2.0
2014-05-16,101.86352164286714,94.1284408569336,101.38309,1.0,1.0,1.0,2.0,2.0
2014-05-23,101.81236145818696,94.1284408569336,101.37197,1.0,1.0,1.0,2.0,2.0
2014-05-30,101.78568550372316,94.1284408569336,101.35264,1.0,1.0,1.0,2.0,2.0
2014-06-06,100.25770249977961,96.94324493408203,101.34565,1.0,1.0,2.0,2.0,2.0
2014-06-13,100.19938176514181,96.94324493408203,101.30464,2.0,1.0,2.0,2.0,2.0
2014-06-20,100.12182933054682,96.94324493408203,101.26167,2.0,1.0,2.0,2.0,2.0
2014-06-27,100.03778085156468,96.94324493408203,101.21693,2.0,1.0,2.0,2.0,2.0
2014-07-04,100.00764436794577,96.94324493408203,101.15062,2.0,1.0,2.0,2.0,2.0
2014-07-11,103.86082950225122,84.77183532714844,101.00968,1.0,1.0,1.0,2.0,2.0
2014-07-18,103.33507049894662,84.77183532714844,100.9694,1.0,1.0,1.0,2.0,2.0
2014-07-25,97.97939877368803,84.77183532714844,100.93384,1.0,1.0,1.0,2.0,2.0
2014-08-01,98.21930855727554,84.77183532714844,100.856636,1.0,1.0,1.0,2.0,2.0
2014-08-08,96.47403900278368,74.21759796142578,100.8134,1.0,1.0,1.0,2.0,2.0
2014-08-15,96.30768911920127,74.21759796142578,100.76822,1.0,1.0,1.0,2.0,2.0
2014-08-22,96.23657086802217,74.21759796142578,100.71861,1.0,1.0,1.0,2.0,2.0
2014-08-29,96.10797788446864,74.21759796142578,100.69082,1.0,1.0,1.0,2.0,2.0
2014-09-05,95.98415242742912,74.21759796142578,100.62848,1.0,1.0,1.0,2.0,2.0
2014-09-12,98.61097929709125,67.79039001464844,100.51305,1.0,1.0,1.0,2.0,2.0
2014-09-19,98.49743931647264,67.79039001464844,100.441124,1.0,1.0,1.0,2.0,2.0
2014-09-26,98.45983227598059,67.79039001464844,100.36964,1.0,1.0,1.0,2.0,2.0
2014-10-03,98.32957199710256,67.79039001464844,100.277664,1.0,1.0,1.0,2.0,2.0
2014-10-10,96.70727493197215,69.15636444091797,100.19755,1.0,1.0,1.0,2.0,2.0
2014-10-17,98.25556566652942,69.15636444091797,100.07906,1.0,1.0,1.0,2.0,2.0
2014-10-24,97.97870150502527,69.15636444091797,99.95955,1.0,1.0,1.0,2.0,2.0
2014-10-31,98.74972766399175,69.15636444091797,99.82688,1.0,1.0,1.0,2.0,2.0
2014-11-07,102.5820941245326,98.71855163574219,99.65521,1.0,1.0,1.0,2.0,2.0
2014-11-14,103.31949510977988,98.71855163574219,99.51168,1.0,1.0,1.0,1.0,2.0
2014-11-21,102.74528575707049,98.71855163574219,99.36846,1.0,1.0,1.0,1.0,2.0
2014-11-28,102.08349190622054,98.71855163574219,99.24905,1.0,1.0,1.0,1.0,2.0
2014-12-05,102.46129257800618,98.71855163574219,99.104294,1.0,1.0,1.0,1.0,1.0
2014-12-12,116.23605379890616,106.69368743896484,98.88994,1.0,1.0,1.0,1.0,1.0
2014-12-19,114.37330515320903,106.69368743896484,98.86936,1.0,1.0,1.0,1.0,1.0
2014-12-26,112.46796242866893,106.69368743896484,98.84464,1.0,1.0,1.0,1.0,1.0
2015-01-02,110.40655822839454,106.69368743896484,98.80929,1.0,1.0,1.0,1.0,1.0
2015-01-09,115.99212084636133,116.77363586425781,98.87209,1.0,1.0,1.0,1.0,1.0
2015-01-16,106.68668954713273,116.77363586425781,98.86175,1.0,1.0,1.0,1.0,1.0
2015-01-23,103.26562135679603,116.77363586425781,98.88249,1.0,1.0,1.0,1.0,1.0
2015-01-30,104.22807775999108,116.77363586425781,98.96625,1.0,1.0,1.0,1.0,1.0
2015-02-06,104.92934814019485,115.1015396118164,99.173325,1.0,1.0,1.0,1.0,1.0
2015-02-13,104.91545947940085,115.1015396118164,99.188675,1.0,1.0,1.0,1.0,1.0
2015-02-20,105.37876349609579,115.1015396118164,99.25757,1.0,1.0,1.0,1.0,1.0
2015-02-27,106.24093048007443,115.1015396118164,99.370964,1.0,1.0,1.0,1.0,1.0
2015-03-06,104.14792001459583,100.07817077636719,99.48294,3.0,2.0,2.0,2.0,2.0
2015-03-13,104.74576021479255,100.07817077636719,99.6231,3.0,2.0,2.0,2.0,2.0
2015-03-20,104.93278904689764,100.07817077636719,99.754524,3.0,2.0,2.0,2.0,2.0
2015-03-27,106.41141648439978,100.07817077636719,99.84096,3.0,2.0,2.0,2.0,2.0
2015-04-03,106.42431268145168,100.07817077636719,99.87682,3.0,2.0,2.0,2.0,2.0
2015-04-10,100.54372046263028,80.08299255371094,99.870705,3.0,2.0,2.0,2.0,2.0
2015-04-17,100.3702030636513,80.08299255371094,99.89925,3.0,2.0,2.0,2.0,2.0
2015-04-24,98.79787042093407,80.08299255371094,99.91379,3.0,2.0,2.0,2.0,2.0
2015-05-01,98.73799800461434,80.08299255371094,99.941284,3.0,2.0,2.0,2.0,2.0
2015-05-08,100.28026533049618,86.7170639038086,99.870636,3.0,2.0,2.0,2.0,2.0
2015-05-15,100.03789239297858,86.7170639038086,99.82239,3.0,2.0,2.0,2.0,2.0
2015-05-22,99.82395606891565,86.7170639038086,99.76454,3.0,2.0,2.0,2.0,2.0
2015-05-29,99.45669316555933,86.7170639038086,99.70916,3.0,3.0,2.0,2.0,2.0
2015-06-05,99.06420239647129,86.7170639038086,99.63951,3.0,3.0,2.0,2.0,2.0
2015-06-12,100.11038728424874,97.66399383544922,99.43671,3.0,2.0,2.0,2.0,2.0
2015-06-19,99.6657024010759,97.66399383544922,99.32592,3.0,2.0,2.0,2.0,2.0
2015-06-26,99.18720353994382,97.66399383544922,99.20342,2.0,2.0,2.0,2.0,2.0
2015-07-03,99.17247316449436,97.66399383544922,99.117065,2.0,2.0,1.0,2.0,2.0
2015-07-10,102.98700989183148,102.46743774414062,98.91201,1.0,1.0,1.0,1.0,2.0
2015-07-17,102.9401640210013,102.46743774414062,98.87007,2.0,1.0,1.0,1.0,2.0
2015-07-24,102.88968387856606,102.46743774414062,98.84755,2.0,1.0,1.0,1.0,2.0
2015-07-31,102.8451818158186,102.46743774414062,98.81199,1.0,1.0,1.0,1.0,2.0
2015-08-07,104.02922880833744,92.02889251708984,98.70703,3.0,3.0,2.0,2.0,3.0
2015-08-14,104.15782729358256,92.02889251708984,98.78227,3.0,3.0,2.0,2.0,3.0
2015-08-21,104.27171051081059,92.02889251708984,98.85535,3.0,3.0,2.0,2.0,3.0
2015-08-28,104.15541375963731,92.02889251708984,98.859436,3.0,3.0,2.0,2.0,3.0
2015-09-04,102.32800566918117,92.02889251708984,98.8215,2.0,2.0,1.0,1.0,2.0
2015-09-11,103.88063124085943,77.80392456054688,98.72595,1.0,1.0,1.0,1.0,1.0
2015-09-18,100.27754652916623,77.80392456054688,98.700645,1.0,1.0,1.0,1.0,1.0
2015-09-25,96.62571490584034,77.80392456054688,98.663246,1.0,1.0,1.0,1.0,1.0
2015-10-02,97.67201605349,77.80392456054688,98.603424,1.0,1.0,1.0,1.0,1.0
2015-10-09,92.91578050845649,83.88101959228516,98.51237,1.0,1.0,1.0,1.0,1.0
2015-10-16,92.73357269471002,83.88101959228516,98.42197,1.0,1.0,1.0,1.0,1.0
2015-10-23,94.51589100782343,83.88101959228516,98.33924,1.0,1.0,1.0,1.0,1.0
2015-10-30,94.3002790126478,83.88101959228516,98.2702,1.0,1.0,1.0,1.0,1.0
2015-11-06,98.01443481445312,88.50125122070312,98.014435,1.0,1.0,1.0,1.0,1.0
2015-11-13,97.94328308105469,88.50125122070312,97.94328,1.0,1.0,1.0,1.0,1.0
2015-11-20,97.71104503862499,88.50125122070312,97.83926,1.0,1.0,1.0,1.0,1.0
2015-11-27,96.72289153424477,88.50125122070312,97.756744,1.0,1.0,1.0,1.0,1.0
2015-12-04,97.6346206665039,88.50125122070312,97.63462,1.0,1.0,1.0,1.0,1.0
2015-12-11,96.14525325349348,113.81566619873047,97.28326,1.0,1.0,1.0,1.0,1.0
2015-12-18,95.94547429879869,113.81566619873047,97.23267,1.0,1.0,1.0,1.0,1.0
2015-12-25,95.67392853045413,113.81566619873047,97.16909,1.0,1.0,1.0,1.0,1.0
2016-01-01,97.06707000732422,113.81566619873047,97.06707,1.0,1.0,1.0,1.0,1.0
2016-01-08,97.06282806396484,124.28265380859375,97.06283,1.0,1.0,1.0,1.0,1.0
2016-01-15,97.19304656982422,124.28265380859375,97.19305,1.0,1.0,1.0,1.0,1.0
2016-01-22,97.28580474853516,124.28265380859375,97.285805,1.0,1.0,1.0,1.0,1.0
2016-01-29,97.36290740966797,124.28265380859375,97.36291,1.0,1.0,1.0,1.0,1.0
2016-02-05,97.95599102731724,131.4304656982422,97.574,1.0,1.0,1.0,1.0,1.0
2016-02-12,97.98169551435495,131.4304656982422,97.707436,1.0,1.0,1.0,1.0,1.0
2016-02-19,99.0509952526072,131.4304656982422,97.84462,1.0,1.0,1.0,1.0,1.0
2016-02-26,98.98213744706187,131.4304656982422,97.9705,1.0,1.0,1.0,1.0,1.0
2016-03-04,99.10862778128484,131.4304656982422,98.14504,2.0,1.0,1.0,1.0,1.0
2016-03-11,96.50577167073148,103.38313293457031,98.21155,1.0,1.0,1.0,1.0,1.0
2016-03-18,97.40893819036606,103.38313293457031,98.27383,1.0,1.0,1.0,1.0,1.0
2016-03-25,98.45795523901037,103.38313293457031,98.35761,1.0,1.0,1.0,1.0,1.0
2016-04-01,101.36035785728234,103.38313293457031,98.48411,2.0,1.0,1.0,1.0,1.0
2016-04-08,98.18777595823529,85.76062774658203,98.65052,1.0,1.0,1.0,1.0,1.0
2016-04-15,97.51380477534478,85.76062774658203,98.731964,1.0,1.0,1.0,1.0,1.0
2016-04-22,97.27537707251857,85.76062774658203,98.77303,2.0,1.0,1.0,1.0,1.0
2016-04-29,96.98154357950833,85.76062774658203,98.82513,2.0,1.0,1.0,1.0,1.0
2016-05-06,106.08883887728332,97.50411224365234,99.01549,2.0,1.0,1.0,1.0,1.0
2016-05-13,105.53488137625233,97.50411224365234,99.01115,2.0,1.0,1.0,1.0,1.0
2016-05-20,105.36331821674536,97.50411224365234,98.99877,2.0,1.0,1.0,1.0,1.0
2016-05-27,105.99881162646025,97.50411224365234,98.96237,3.0,2.0,1.0,1.0,1.0
2016-06-03,105.43222473200554,97.50411224365234,98.9706,3.0,2.0,1.0,1.0,1.0
2016-06-10,96.2530221554285,107.12129974365234,98.92516,3.0,2.0,1.0,1.0,1.0
2016-06-17,96.10211594443777,107.12129974365234,98.90143,3.0,2.0,1.0,1.0,1.0
2016-06-24,96.0853528823021,107.12129974365234,98.91322,3.0,2.0,1.0,1.0,1.0
2016-07-01,96.01869710209908,107.12129974365234,98.89421,3.0,2.0,1.0,1.0,1.0
2016-07-08,99.30646052486259,109.9138412475586,98.76507,3.0,3.0,2.0,2.0,2.0
2016-07-15,99.24099421386015,109.9138412475586,98.77042,3.0,3.0,2.0,2.0,2.0
2016-07-22,99.1851551767322,109.9138412475586,98.765785,3.0,3.0,2.0,2.0,2.0
2016-07-29,99.41321955214713,109.9138412475586,98.70774,3.0,3.0,2.0,2.0,2.0
2016-08-05,99.77571220134986,109.9138412475586,98.683105,3.0,3.0,2.0,2.0,2.0
2016-08-12,99.52240285504452,96.35122680664062,98.55201,3.0,2.0,2.0,1.0,1.0
2016-08-19,99.52993332595288,96.35122680664062,98.57348,3.0,2.0,2.0,1.0,1.0
2016-08-26,92.12378676620136,96.35122680664062,98.60701,3.0,3.0,3.0,2.0,2.0
2016-09-02,92.2424621989215,96.35122680664062,98.62014,3.0,3.0,3.0,2.0,2.0
2016-09-09,95.41446917092708,122.19575500488281,98.56217,3.0,3.0,3.0,2.0,2.0
2016-09-16,95.54096766822538,122.19575500488281,98.572586,3.0,3.0,3.0,2.0,2.0
2016-09-23,95.83906226006015,122.19575500488281,98.59037,3.0,3.0,3.0,2.0,2.0
2016-09-30,96.7605697220378,122.19575500488281,98.56939,3.0,3.0,3.0,3.0,2.0
2016-10-07,96.9339514637381,102.11502075195312,98.56181,2.0,1.0,1.0,1.0,1.0
2016-10-14,97.03860232557608,102.11502075195312,98.580284,2.0,1.0,1.0,1.0,1.0
2016-10-21,97.09478689313265,102.11502075195312,98.596344,2.0,1.0,1.0,1.0,1.0
2016-10-28,93.81538359810105,102.11502075195312,98.616356,3.0,2.0,1.0,1.0,1.0
2016-11-04,97.11529178214907,102.11502075195312,98.658104,2.0,1.0,1.0,1.0,1.0
2016-11-11,96.33004589841603,99.97195434570312,98.64911,2.0,1.0,1.0,1.0,1.0
2016-11-18,96.50815702069389,99.97195434570312,98.71359,2.0,1.0,1.0,1.0,1.0
2016-11-25,97.00712284727726,99.97195434570312,98.77183,2.0,1.0,1.0,1.0,1.0
2016-12-02,97.15712988940187,99.97195434570312,98.75121,2.0,1.0,1.0,1.0,1.0
2016-12-09,98.39796774140021,93.94232940673828,98.721504,2.0,2.0,1.0,1.0,1.0
2016-12-16,98.67300796725722,93.94232940673828,98.738495,2.0,2.0,1.0,1.0,1.0
2016-12-23,98.82721652005398,93.94232940673828,98.744606,2.0,2.0,1.0,1.0,1.0
2016-12-30,98.87052987678541,93.94232940673828,98.76882,2.0,2.0,1.0,1.0,1.0
2017-01-06,99.20307596859622,92.38097381591797,98.8376,2.0,2.0,1.0,1.0,1.0
2017-01-13,99.12511634824942,92.38097381591797,98.810875,3.0,2.0,2.0,1.0,1.0
2017-01-20,99.25348255943977,92.38097381591797,98.78619,3.0,2.0,2.0,1.0,1.0
2017-01-27,96.7298720964771,92.38097381591797,98.80569,2.0,2.0,1.0,1.0,1.0
2017-02-03,96.71787804022446,92.38097381591797,98.83001,2.0,2.0,1.0,1.0,1.0
2017-02-10,101.19826952177795,98.08538818359375,99.03383,3.0,3.0,2.0,2.0,2.0
2017-02-17,101.06822410278318,98.08538818359375,99.031845,3.0,2.0,2.0,2.0,2.0
2017-02-24,100.703453576099,98.08538818359375,99.00321,3.0,2.0,2.0,2.0,2.0
2017-03-03,98.82576682343765,98.08538818359375,99.06765,3.0,3.0,3.0,2.0,2.0
2017-03-10,103.66248415551539,87.11634826660156,99.16235,3.0,3.0,3.0,2.0,2.0
2017-03-17,103.54705599992992,87.11634826660156,99.157524,3.0,3.0,3.0,2.0,2.0
2017-03-24,103.64929006184664,87.11634826660156,99.17961,3.0,3.0,3.0,2.0,2.0
2017-03-31,103.61804312605891,87.11634826660156,99.16905,3.0,3.0,3.0,2.0,2.0
2017-04-07,94.27496574629369,104.33491516113281,98.931625,1.0,2.0,1.0,1.0,1.0
2017-04-14,94.60023646686554,104.33491516113281,98.8831,1.0,2.0,1.0,1.0,1.0
2017-04-21,94.54900350568535,104.33491516113281,98.847885,1.0,2.0,1.0,1.0,1.0
2017-04-28,94.11238619549084,104.33491516113281,98.80152,1.0,2.0,1.0,1.0,1.0
2017-05-05,94.20059147576126,104.33491516113281,98.74811,1.0,2.0,1.0,1.0,1.0
2017-05-12,97.75795978189593,104.13550567626953,98.57702,2.0,2.0,2.0,1.0,1.0
2017-05-19,97.66240355326352,104.13550567626953,98.55248,2.0,2.0,2.0,1.0,1.0
2017-05-26,96.40146920333794,104.13550567626953,98.52634,1.0,1.0,1.0,1.0,1.0
2017-06-02,96.39920927459559,104.13550567626953,98.531364,1.0,1.0,1.0,1.0,1.0
2017-06-09,100.81980137773519,104.0523910522461,98.578995,1.0,1.0,1.0,1.0,1.0
2017-06-16,100.78856648843369,104.0523910522461,98.620964,1.0,1.0,1.0,1.0,1.0
2017-06-23,100.4906239002977,104.0523910522461,98.6767,1.0,1.0,1.0,1.0,1.0
2017-06-30,97.70948518451743,104.0523910522461,98.71809,1.0,1.0,1.0,1.0,1.0
2017-07-07,98.38711904959881,113.14507293701172,98.89774,1.0,2.0,1.0,1.0,1.0
2017-07-14,98.45895325749707,113.14507293701172,98.91081,1.0,2.0,1.0,1.0,1.0
2017-07-21,98.38542130331379,113.14507293701172,98.95177,1.0,2.0,1.0,1.0,1.0
2017-07-28,98.38925746867675,113.14507293701172,98.96284,1.0,2.0,1.0,1.0,1.0
2017-08-04,98.58397093435013,113.14507293701172,98.99341,1.0,2.0,1.0,1.0,1.0
2017-08-11,100.31423541267941,113.27678680419922,99.026596,1.0,1.0,1.0,1.0,1.0
2017-08-18,99.62666396186893,113.27678680419922,99.05385,1.0,1.0,1.0,1.0,1.0
2017-08-25,99.08575439453125,113.27678680419922,99.085754,1.0,1.0,1.0,1.0,1.0
2017-09-01,99.12495422363281,113.27678680419922,99.124954,1.0,1.0,1.0,1.0,1.0
2017-09-08,99.08512878417969,108.283935546875,99.08513,1.0,1.0,1.0,1.0,1.0
2017-09-15,102.2219286628556,108.283935546875,99.139946,1.0,1.0,1.0,1.0,1.0
2017-09-22,103.87241536697185,108.283935546875,99.18768,1.0,2.0,1.0,1.0,1.0
2017-09-29,103.30963061684498,108.283935546875,99.20739,1.0,1.0,1.0,1.0,1.0
2017-10-06,100.01420897287194,113.22305297851562,99.107704,1.0,1.0,1.0,1.0,1.0
2017-10-13,100.05783366366914,113.22305297851562,99.153854,1.0,1.0,1.0,1.0,1.0
2017-10-20,100.08117550895646,113.22305297851562,99.19902,1.0,2.0,1.0,1.0,1.0
2017-10-27,99.42621342516894,113.22305297851562,99.23448,1.0,1.0,1.0,1.0,1.0
2017-11-03,101.63574068021859,113.22305297851562,99.25763,1.0,2.0,1.0,1.0,1.0
2017-11-10,102.77066365403607,104.99945068359375,99.31102,2.0,2.0,1.0,1.0,1.0
2017-11-17,102.84652225005429,104.99945068359375,99.36686,2.0,2.0,1.0,1.0,1.0
2017-11-24,103.64394679028959,104.99945068359375,99.399284,1.0,1.0,1.0,1.0,1.0
2017-12-01,106.25733090056411,104.99945068359375,99.46138,2.0,2.0,2.0,2.0,1.0
2017-12-08,108.70735850133407,95.90667724609375,99.5706,3.0,2.0,2.0,2.0,1.0
2017-12-15,108.66205834153473,95.90667724609375,99.58513,3.0,2.0,2.0,2.0,1.0
2017-12-22,108.63280156511553,95.90667724609375,99.60788,3.0,2.0,2.0,2.0,1.0
2017-12-29,104.54412117129817,95.90667724609375,99.62919,2.0,2.0,2.0,1.0,1.0
2018-01-05,102.06119468657766,110.54486083984375,99.57774,3.0,3.0,3.0,2.0,2.0
2018-01-12,101.8259844729991,110.54486083984375,99.56476,3.0,3.0,3.0,2.0,2.0
2018-01-19,101.58447641583572,110.54486083984375,99.55937,3.0,3.0,3.0,2.0,2.0
2018-01-26,99.98324989794803,110.54486083984375,99.55806,3.0,3.0,3.0,2.0,2.0
2018-02-02,99.99064024493543,110.54486083984375,99.55418,3.0,3.0,3.0,2.0,2.0
2018-02-09,99.84874538459614,107.21390533447266,99.50752,3.0,3.0,2.0,2.0,2.0
2018-02-16,99.86192363449531,107.21390533447266,99.54456,3.0,3.0,2.0,2.0,2.0
2018-02-23,99.89016960923517,107.21390533447266,99.57484,3.0,3.0,2.0,2.0,2.0
2018-03-02,99.89742497540342,107.21390533447266,99.61504,3.0,3.0,2.0,2.0,2.0
2018-03-09,101.51002045215208,104.93284606933594,99.58844,3.0,3.0,2.0,2.0,2.0
2018-03-16,101.58650401417725,104.93284606933594,99.6407,3.0,3.0,2.0,2.0,2.0
2018-03-23,101.630931317998,104.93284606933594,99.67365,3.0,3.0,2.0,2.0,2.0
2018-03-30,101.62432572709773,104.93284606933594,99.64511,3.0,3.0,3.0,2.0,2.0
2018-04-06,100.05199723138581,105.10212707519531,99.48287,3.0,3.0,2.0,2.0,2.0
2018-04-13,100.01483990317288,105.10212707519531,99.47331,3.0,2.0,2.0,2.0,2.0
2018-04-20,99.95423376656876,105.10212707519531,99.45433,3.0,2.0,2.0,2.0,2.0
2018-04-27,99.93627131246332,105.10212707519531,99.45396,3.0,2.0,2.0,2.0,2.0
2018-05-04,100.04424314208362,105.10212707519531,99.43741,3.0,3.0,3.0,2.0,2.0
2018-05-11,100.54879576942488,94.840087890625,99.42213,3.0,3.0,3.0,2.0,2.0
2018-05-18,100.51981568158065,94.840087890625,99.417625,3.0,3.0,3.0,2.0,2.0
2018-05-25,100.5355890061148,94.840087890625,99.43058,3.0,3.0,3.0,2.0,2.0
2018-06-01,100.60038603120675,94.840087890625,99.452835,3.0,3.0,3.0,2.0,2.0
2018-06-08,100.77442529620565,107.2508316040039,99.52391,3.0,3.0,3.0,3.0,2.0
2018-06-15,100.80897276580009,107.2508316040039,99.54435,3.0,3.0,3.0,3.0,2.0
2018-06-22,100.7989857102789,107.2508316040039,99.53752,3.0,3.0,3.0,3.0,2.0
2018-06-29,100.75265443596385,107.2508316040039,99.540184,3.0,3.0,3.0,3.0,2.0
2018-07-06,100.71115129532177,107.2508316040039,99.566284,3.0,3.0,3.0,3.0,2.0
2018-07-13,99.03838929419037,96.58592987060547,99.710335,3.0,3.0,3.0,3.0,2.0
2018-07-20,99.02551895982572,96.58592987060547,99.71228,3.0,3.0,3.0,3.0,2.0
2018-07-27,99.03940389642776,96.58592987060547,99.726585,3.0,3.0,3.0,3.0,2.0
2018-08-03,99.08900899892258,96.58592987060547,99.78813,3.0,3.0,3.0,3.0,2.0
2018-08-10,98.11295610017825,68.80037689208984,99.909805,3.0,3.0,3.0,3.0,2.0
2018-08-17,98.17455408174878,68.80037689208984,99.94406,3.0,3.0,3.0,3.0,2.0
2018-08-24,98.17981792195043,68.80037689208984,99.94554,3.0,3.0,3.0,3.0,2.0
2018-08-31,98.13635253199297,68.80037689208984,99.92918,3.0,3.0,3.0,3.0,2.0
2018-09-07,100.20575912716399,71.84859466552734,99.89635,3.0,3.0,3.0,3.0,2.0
2018-09-14,100.15981462203956,71.84859466552734,99.84505,3.0,3.0,3.0,3.0,2.0
2018-09-21,100.08898517560755,71.84859466552734,99.7654,3.0,3.0,3.0,3.0,2.0
2018-09-28,98.8110540948427,71.84859466552734,99.643005,3.0,3.0,3.0,3.0,2.0
2018-10-05,98.47570009962948,71.84859466552734,99.50608,3.0,3.0,3.0,3.0,3.0
2018-10-12,97.51264497538955,105.65507507324219,99.3919,3.0,3.0,3.0,3.0,3.0
2018-10-19,97.30099839747517,105.65507507324219,99.2913,3.0,3.0,3.0,3.0,3.0
2018-10-26,96.96800285464697,105.65507507324219,99.16565,3.0,3.0,3.0,3.0,3.0
2018-11-02,96.25086698813062,105.65507507324219,99.05223,3.0,3.0,3.0,3.0,3.0
2018-11-09,95.73719269697803,116.63418579101562,98.88281,3.0,3.0,3.0,3.0,3.0
2018-11-16,95.71050289427355,116.63418579101562,98.8533,3.0,3.0,3.0,3.0,3.0
2018-11-23,95.80543560236767,116.63418579101562,98.88488,3.0,3.0,3.0,3.0,3.0
2018-11-30,95.78739345061884,116.63418579101562,98.90026,3.0,3.0,3.0,3.0,3.0
2018-12-07,101.09933768267878,108.90087890625,98.87959,3.0,3.0,3.0,3.0,3.0
2018-12-14,101.31417751167875,108.90087890625,98.896805,3.0,3.0,3.0,3.0,3.0
2018-12-21,102.17410353684814,108.90087890625,98.988686,3.0,3.0,3.0,3.0,3.0
2018-12-28,103.39619442352934,108.90087890625,99.09793,3.0,3.0,3.0,3.0,3.0
2019-01-04,102.60530847895637,113.74311065673828,99.1614,3.0,3.0,3.0,3.0,3.0
2019-01-11,102.51008816130441,113.74311065673828,99.2004,3.0,3.0,3.0,3.0,3.0
2019-01-18,102.5486806558069,113.74311065673828,99.239456,3.0,3.0,3.0,3.0,3.0
2019-01-25,102.59278347758084,113.74311065673828,99.28213,3.0,3.0,3.0,3.0,3.0
2019-02-01,102.48964374802736,113.74311065673828,99.30822,2.0,3.0,3.0,3.0,3.0
2019-02-08,102.5723120013841,97.72013092041016,99.37355,3.0,3.0,3.0,3.0,3.0
2019-02-15,102.68057816813847,97.72013092041016,99.43558,3.0,3.0,3.0,3.0,3.0
2019-02-22,102.79073293191622,97.72013092041016,99.49566,3.0,3.0,3.0,3.0,3.0
2019-03-01,102.87197708091949,97.72013092041016,99.52573,3.0,3.0,3.0,3.0,3.0
2019-03-08,107.12411177714617,93.93603515625,99.54025,3.0,3.0,3.0,3.0,3.0
2019-03-15,107.16351812128707,93.93603515625,99.56448,3.0,3.0,3.0,3.0,3.0
2019-03-22,107.96269864521517,93.93603515625,99.5926,3.0,3.0,3.0,3.0,3.0
2019-03-29,107.92672484805699,93.93603515625,99.589226,3.0,3.0,3.0,3.0,3.0
2019-04-05,106.51720536307154,93.93603515625,99.53362,3.0,3.0,3.0,3.0,3.0
2019-04-12,103.43801868676361,104.65409851074219,99.562294,3.0,3.0,3.0,3.0,3.0
2019-04-19,103.12096149661835,104.65409851074219,99.48512,3.0,3.0,3.0,3.0,3.0
2019-04-26,100.36904088341004,104.65409851074219,99.44874,2.0,3.0,3.0,3.0,3.0
2019-05-03,100.1531508926344,104.65409851074219,99.46453,2.0,3.0,3.0,3.0,3.0
2019-05-10,98.68437754994494,92.48821258544922,99.5155,1.0,2.0,2.0,2.0,2.0
2019-05-17,98.55967177778463,92.48821258544922,99.49944,1.0,2.0,2.0,2.0,2.0
2019-05-24,98.41429402093333,92.48821258544922,99.4798,1.0,2.0,2.0,2.0,2.0
2019-05-31,98.67744769215936,92.48821258544922,99.52993,1.0,2.0,2.0,2.0,2.0
2019-06-07,101.03635770391975,100.0654296875,99.66387,1.0,2.0,2.0,2.0,2.0
2019-06-14,101.01947232060584,100.0654296875,99.67877,1.0,2.0,2.0,2.0,2.0
2019-06-21,100.75152666917126,100.0654296875,99.66234,1.0,2.0,2.0,2.0,2.0
2019-06-28,102.39976393158295,100.0654296875,99.63399,1.0,2.0,2.0,3.0,2.0
2019-07-05,102.80327368498867,100.0654296875,99.67697,1.0,2.0,2.0,3.0,2.0
2019-07-12,101.07659919568628,102.52947998046875,99.829926,1.0,2.0,2.0,2.0,2.0
2019-07-19,101.05270349111724,102.52947998046875,99.82437,1.0,2.0,2.0,2.0,2.0
2019-07-26,102.8598290476497,102.52947998046875,99.83767,1.0,2.0,2.0,3.0,2.0
2019-08-02,102.83245537936085,102.52947998046875,99.90767,1.0,2.0,2.0,2.0,2.0
2019-08-09,98.49109313563191,103.9894027709961,100.204666,1.0,2.0,2.0,2.0,2.0
2019-08-16,98.48127526031418,103.9894027709961,100.20111,1.0,2.0,2.0,2.0,2.0
2019-08-23,98.50889412846962,103.9894027709961,100.196625,1.0,2.0,2.0,2.0,2.0
2019-08-30,98.70326971344603,103.9894027709961,100.32582,1.0,2.0,2.0,2.0,2.0
2019-09-06,98.68010981058218,109.22417449951172,100.879616,1.0,1.0,1.0,1.0,1.0
2019-09-13,98.7104991402982,109.22417449951172,100.89226,1.0,1.0,1.0,1.0,1.0
2019-09-20,98.70049826574957,109.22417449951172,100.88503,1.0,1.0,1.0,1.0,1.0
2019-09-27,98.72710156951936,109.22417449951172,100.8928,1.0,1.0,1.0,1.0,1.0
2019-10-04,100.45549931627771,109.22417449951172,101.03048,1.0,1.0,1.0,2.0,1.0
2019-10-11,100.76962017908458,98.01294708251953,101.24102,1.0,1.0,1.0,1.0,1.0
2019-10-18,100.91535757079303,98.01294708251953,101.280464,1.0,1.0,1.0,1.0,1.0
2019-10-25,101.03598508889296,98.01294708251953,101.299484,1.0,1.0,1.0,1.0,1.0
2019-11-01,101.22240324222989,98.01294708251953,101.365135,1.0,1.0,1.0,1.0,1.0
2019-11-08,100.18731487136667,70.74840545654297,101.40523,1.0,1.0,1.0,1.0,1.0
2019-11-15,100.19082177648971,70.74840545654297,101.40652,1.0,1.0,1.0,1.0,1.0
2019-11-22,95.57102076001718,70.74840545654297,101.40557,1.0,1.0,1.0,1.0,1.0
2019-11-29,97.74075146032995,70.74840545654297,101.38147,1.0,1.0,1.0,2.0,1.0
2019-12-06,97.25469343596286,70.74840545654297,101.30327,1.0,1.0,1.0,1.0,1.0
2019-12-13,96.75174455040246,48.205657958984375,101.145096,1.0,1.0,1.0,1.0,1.0
2019-12-20,96.6322784910867,48.205657958984375,101.085304,1.0,1.0,1.0,1.0,1.0
2019-12-27,96.53203307105284,48.205657958984375,101.026436,1.0,1.0,1.0,1.0,1.0
2020-01-03,96.88385408082473,48.205657958984375,100.84451,1.0,1.0,1.0,2.0,2.0
2020-01-10,94.63822319902268,,100.377335,2.0,1.0,2.0,2.0,2.0
2020-01-17,92.77334823856216,,100.19336,2.0,1.0,2.0,2.0,2.0
2020-01-24,92.05251451069753,,99.96046,2.0,1.0,2.0,2.0,2.0
2020-01-31,91.28699896245902,,99.67028,2.0,1.0,2.0,2.0,2.0
