"","X","cluster"
"2","2000-12-01_1",1
"9","2001-01-01_1",1
"17","2001-02-01_2",1
"24","2001-03-01_2",1
"31","2001-04-01_2",1
"38","2001-05-01_2",1
"45","2001-06-01_2",1
"53","2001-07-01_3",1
"60","2001-08-01_3",1
"66","2001-09-01_2",1
"73","2001-10-01_2",1
"80","2001-11-01_2",1
"86","2001-12-01_2",1
"93","2002-01-01_2",1
"101","2002-02-01_3",1
"108","2002-03-01_2",1
"115","2002-04-01_2",1
"121","2002-05-01_2",1
"126","2002-06-01_1",1
"132","2002-07-01_1",1
"139","2002-08-01_1",1
"145","2002-09-01_1",1
"152","2002-10-01_1",1
"159","2002-11-01_1",1
"166","2002-12-01_1",1
"173","2003-01-01_1",1
"181","2003-02-01_1",1
"188","2003-03-01_1",1
"196","2003-04-01_1",1
"204","2003-05-01_1",1
"212","2003-06-01_1",1
"220","2003-07-01_1",1
"228","2003-08-01_1",1
"236","2003-09-01_1",1
"244","2003-10-01_1",1
"252","2003-11-01_1",1
"260","2003-12-01_1",1
"267","2004-01-01_1",1
"274","2004-02-01_1",1
"284","2004-03-01_4",1
"290","2004-04-01_2",1
"298","2004-05-01_2",1
"306","2004-06-01_2",1
"314","2004-07-01_2",1
"323","2004-08-01_3",1
"331","2004-09-01_3",1
"338","2004-10-01_2",1
"346","2004-11-01_2",1
"354","2004-12-01_2",1
"362","2005-01-01_2",1
"370","2005-02-01_2",1
"377","2005-03-01_1",1
"384","2005-04-01_1",1
"391","2005-05-01_1",1
"398","2005-06-01_1",1
"407","2005-07-01_3",1
"414","2005-08-01_3",1
"421","2005-09-01_3",1
"427","2005-10-01_3",1
"433","2005-11-01_3",1
"439","2005-12-01_3",1
"445","2006-01-01_3",1
"451","2006-02-01_3",1
"457","2006-03-01_3",1
"463","2006-04-01_3",1
"469","2006-05-01_3",1
"475","2006-06-01_3",1
"481","2006-07-01_3",1
"488","2006-08-01_3",1
"494","2006-09-01_3",1
"500","2006-10-01_3",1
"506","2006-11-01_3",1
"510","2006-12-01_1",1
"518","2007-01-01_3",1
"522","2007-02-01_1",1
"528","2007-03-01_1",1
"534","2007-04-01_1",1
"541","2007-05-01_1",1
"547","2007-06-01_1",1
"554","2007-07-01_1",1
"560","2007-08-01_1",1
"567","2007-09-01_1",1
"573","2007-10-01_1",1
"579","2007-11-01_1",1
"586","2007-12-01_1",1
"592","2008-01-01_1",1
"598","2008-02-01_1",1
"605","2008-03-01_2",1
"612","2008-04-01_3",1
"618","2008-05-01_3",1
"624","2008-06-01_2",1
"631","2008-07-01_3",1
"637","2008-08-01_3",1
"643","2008-09-01_3",1
"649","2008-10-01_3",1
"655","2008-11-01_3",1
"661","2008-12-01_3",1
"667","2009-01-01_3",1
"673","2009-02-01_3",1
"678","2009-03-01_3",1
"684","2009-04-01_3",1
"690","2009-05-01_3",1
"696","2009-06-01_3",1
"702","2009-07-01_3",1
"708","2009-08-01_3",1
"714","2009-09-01_3",1
"719","2009-10-01_3",1
"725","2009-11-01_3",1
"731","2009-12-01_3",1
"737","2010-01-01_3",1
"743","2010-02-01_3",1
"749","2010-03-01_3",1
"754","2010-04-01_3",1
"759","2010-05-01_3",1
"764","2010-06-01_3",1
"769","2010-07-01_3",1
"774","2010-08-01_3",1
"779","2010-09-01_3",1
"784","2010-10-01_3",1
"789","2010-11-01_3",1
"794","2010-12-01_3",1
"799","2011-01-01_3",1
"803","2011-02-01_2",1
"809","2011-03-01_3",1
"814","2011-04-01_3",1
"819","2011-05-01_3",1
"824","2011-06-01_3",1
"829","2011-07-01_3",1
"833","2011-08-01_2",1
"839","2011-09-01_3",1
"847","2011-10-01_4",1
"854","2011-11-01_4",1
"861","2011-12-01_4",1
"867","2012-01-01_4",1
"874","2012-02-01_4",1
"881","2012-03-01_4",1
"887","2012-04-01_3",1
"894","2012-05-01_3",1
"901","2012-06-01_3",1
"907","2012-07-01_3",1
"913","2012-08-01_3",1
"919","2012-09-01_3",1
"925","2012-10-01_3",1
"931","2012-11-01_3",1
"937","2012-12-01_3",1
"942","2013-01-01_3",1
"947","2013-02-01_3",1
"952","2013-03-01_3",1
"957","2013-04-01_3",1
"962","2013-05-01_3",1
"967","2013-06-01_3",1
"972","2013-07-01_3",1
"977","2013-08-01_3",1
"982","2013-09-01_3",1
"1560","2022-12-01_3",1
"1565","2023-01-01_2",1
"1572","2023-02-01_3",1
"1578","2023-03-01_3",1
"987","2013-10-01_3",2
"992","2013-11-01_3",2
"997","2013-12-01_3",2
"1002","2014-01-01_3",2
"1007","2014-02-01_3",2
"1012","2014-03-01_3",2
"1017","2014-04-01_3",2
"1021","2014-05-01_2",2
"1027","2014-06-01_3",2
"1032","2014-07-01_3",2
"1037","2014-08-01_3",2
"1043","2014-09-01_4",2
"1047","2014-10-01_3",2
"1052","2014-11-01_3",2
"1057","2014-12-01_3",2
"1062","2015-01-01_3",2
"1067","2015-02-01_3",2
"1072","2015-03-01_3",2
"1077","2015-04-01_3",2
"1081","2015-05-01_2",2
"1086","2015-06-01_2",2
"1091","2015-07-01_2",2
"1097","2015-08-01_4",2
"1102","2015-09-01_4",2
"1105","2015-10-01_2",2
"1110","2015-11-01_2",2
"1115","2015-12-01_2",2
"1122","2016-01-01_4",2
"1127","2016-02-01_4",2
"1130","2016-03-01_2",2
"1135","2016-04-01_2",2
"1140","2016-05-01_2",2
"1145","2016-06-01_2",2
"1150","2016-07-01_2",2
"1155","2016-08-01_2",2
"1160","2016-09-01_2",2
"1165","2016-10-01_2",2
"1170","2016-11-01_2",2
"1175","2016-12-01_2",2
"1181","2017-01-01_3",2
"1186","2017-02-01_3",2
"1190","2017-03-01_2",2
"1195","2017-04-01_2",2
"1201","2017-05-01_3",2
"1205","2017-06-01_2",2
"1211","2017-07-01_3",2
"1215","2017-08-01_2",2
"1221","2017-09-01_3",2
"1226","2017-10-01_3",2
"1231","2017-11-01_3",2
"1236","2017-12-01_3",2
"1241","2018-01-01_3",2
"1246","2018-02-01_3",2
"1251","2018-03-01_3",2
"1256","2018-04-01_3",2
"1262","2018-05-01_4",2
"1267","2018-06-01_4",2
"1272","2018-07-01_4",2
"1277","2018-08-01_4",2
"1282","2018-09-01_4",2
"1287","2018-10-01_4",2
"1292","2018-11-01_4",2
"1297","2018-12-01_4",2
"1302","2019-01-01_4",2
"1307","2019-02-01_4",2
"1312","2019-03-01_4",2
"1317","2019-04-01_4",2
"1322","2019-05-01_4",2
"1327","2019-06-01_4",2
"1332","2019-07-01_4",2
"1337","2019-08-01_4",2
"1342","2019-09-01_4",2
"1348","2019-10-01_4",2
"1354","2019-11-01_4",2
"1359","2019-12-01_4",2
"1365","2020-01-01_4",2
"1369","2020-02-01_3",2
"1375","2020-03-01_4",2
"1380","2020-04-01_4",2
"1385","2020-05-01_4",2
"1390","2020-06-01_4",2
"1395","2020-07-01_4",2
"1401","2020-08-01_4",2
"1406","2020-09-01_4",2
"1412","2020-10-01_4",2
"1417","2020-11-01_4",2
"1423","2020-12-01_4",2
"1429","2021-01-01_4",2
"1435","2021-02-01_4",2
"1441","2021-03-01_4",2
"1447","2021-04-01_4",2
"1453","2021-05-01_4",2
"1459","2021-06-01_4",2
"1465","2021-07-01_4",2
"1471","2021-08-01_4",2
"1477","2021-09-01_4",2
"1483","2021-10-01_4",2
"1488","2021-11-01_4",2
"1493","2021-12-01_4",2
"1499","2022-01-01_4",2
"1505","2022-02-01_4",2
"1511","2022-03-01_5",2
"1516","2022-04-01_4",2
"1521","2022-05-01_4",2
"1527","2022-06-01_4",2
"1533","2022-07-01_4",2
"1539","2022-08-01_4",2
"1545","2022-09-01_4",2
"1551","2022-10-01_4",2
"1555","2022-11-01_2",2
"1573","2023-02-01_4",2
"3","2000-12-01_2",3
"10","2001-01-01_2",3
"18","2001-02-01_3",3
"25","2001-03-01_3",3
"32","2001-04-01_3",3
"39","2001-05-01_3",3
"46","2001-06-01_3",3
"52","2001-07-01_2",3
"59","2001-08-01_2",3
"67","2001-09-01_3",3
"74","2001-10-01_3",3
"81","2001-11-01_3",3
"87","2001-12-01_3",3
"94","2002-01-01_3",3
"100","2002-02-01_2",3
"109","2002-03-01_3",3
"116","2002-04-01_3",3
"122","2002-05-01_3",3
"127","2002-06-01_2",3
"133","2002-07-01_2",3
"140","2002-08-01_2",3
"146","2002-09-01_2",3
"153","2002-10-01_2",3
"160","2002-11-01_2",3
"167","2002-12-01_2",3
"174","2003-01-01_2",3
"182","2003-02-01_2",3
"189","2003-03-01_2",3
"197","2003-04-01_2",3
"205","2003-05-01_2",3
"213","2003-06-01_2",3
"221","2003-07-01_2",3
"229","2003-08-01_2",3
"237","2003-09-01_2",3
"245","2003-10-01_2",3
"253","2003-11-01_2",3
"261","2003-12-01_2",3
"268","2004-01-01_2",3
"275","2004-02-01_2",3
"282","2004-03-01_2",3
"291","2004-04-01_3",3
"299","2004-05-01_3",3
"307","2004-06-01_3",3
"315","2004-07-01_3",3
"322","2004-08-01_2",3
"330","2004-09-01_2",3
"339","2004-10-01_3",3
"347","2004-11-01_3",3
"355","2004-12-01_3",3
"363","2005-01-01_3",3
"371","2005-02-01_3",3
"378","2005-03-01_2",3
"385","2005-04-01_2",3
"392","2005-05-01_2",3
"399","2005-06-01_2",3
"405","2005-07-01_1",3
"412","2005-08-01_1",3
"419","2005-09-01_1",3
"425","2005-10-01_1",3
"431","2005-11-01_1",3
"437","2005-12-01_1",3
"443","2006-01-01_1",3
"449","2006-02-01_1",3
"455","2006-03-01_1",3
"461","2006-04-01_1",3
"467","2006-05-01_1",3
"473","2006-06-01_1",3
"482","2006-07-01_4",3
"489","2006-08-01_4",3
"495","2006-09-01_4",3
"501","2006-10-01_4",3
"507","2006-11-01_4",3
"512","2006-12-01_3",3
"519","2007-01-01_4",3
"524","2007-02-01_3",3
"530","2007-03-01_3",3
"536","2007-04-01_3",3
"543","2007-05-01_3",3
"549","2007-06-01_3",3
"556","2007-07-01_3",3
"562","2007-08-01_3",3
"569","2007-09-01_3",3
"575","2007-10-01_3",3
"581","2007-11-01_3",3
"588","2007-12-01_3",3
"594","2008-01-01_3",3
"600","2008-02-01_3",3
"606","2008-03-01_3",3
"609","2008-04-01_0",3
"615","2008-05-01_0",3
"622","2008-06-01_0",3
"628","2008-07-01_0",3
"634","2008-08-01_0",3
"640","2008-09-01_0",3
"646","2008-10-01_0",3
"652","2008-11-01_0",3
"658","2008-12-01_0",3
"664","2009-01-01_0",3
"670","2009-02-01_0",3
"675","2009-03-01_0",3
"681","2009-04-01_0",3
"687","2009-05-01_0",3
"693","2009-06-01_0",3
"699","2009-07-01_0",3
"705","2009-08-01_0",3
"711","2009-09-01_0",3
"716","2009-10-01_0",3
"722","2009-11-01_0",3
"728","2009-12-01_0",3
"734","2010-01-01_0",3
"740","2010-02-01_0",3
"746","2010-03-01_0",3
"751","2010-04-01_0",3
"756","2010-05-01_0",3
"761","2010-06-01_0",3
"766","2010-07-01_0",3
"771","2010-08-01_0",3
"776","2010-09-01_0",3
"781","2010-10-01_0",3
"786","2010-11-01_0",3
"791","2010-12-01_0",3
"796","2011-01-01_0",3
"801","2011-02-01_0",3
"806","2011-03-01_0",3
"811","2011-04-01_0",3
"816","2011-05-01_0",3
"821","2011-06-01_0",3
"826","2011-07-01_0",3
"831","2011-08-01_0",3
"836","2011-09-01_0",3
"843","2011-10-01_0",3
"850","2011-11-01_0",3
"857","2011-12-01_0",3
"863","2012-01-01_0",3
"872","2012-02-01_2",3
"879","2012-03-01_2",3
"886","2012-04-01_2",3
"893","2012-05-01_2",3
"900","2012-06-01_2",3
"906","2012-07-01_2",3
"912","2012-08-01_2",3
"918","2012-09-01_2",3
"924","2012-10-01_2",3
"930","2012-11-01_2",3
"936","2012-12-01_2",3
"941","2013-01-01_2",3
"946","2013-02-01_2",3
"951","2013-03-01_2",3
"956","2013-04-01_2",3
"961","2013-05-01_2",3
"966","2013-06-01_2",3
"971","2013-07-01_2",3
"976","2013-08-01_2",3
"981","2013-09-01_2",3
"986","2013-10-01_2",3
"991","2013-11-01_2",3
"996","2013-12-01_2",3
"1001","2014-01-01_2",3
"1006","2014-02-01_2",3
"1011","2014-03-01_2",3
"1016","2014-04-01_2",3
"1022","2014-05-01_3",3
"1026","2014-06-01_2",3
"1031","2014-07-01_2",3
"1036","2014-08-01_2",3
"1041","2014-09-01_2",3
"1046","2014-10-01_2",3
"1051","2014-11-01_2",3
"1056","2014-12-01_2",3
"1061","2015-01-01_2",3
"1066","2015-02-01_2",3
"1071","2015-03-01_2",3
"1076","2015-04-01_2",3
"4","2000-12-01_3",4
"6","2000-12-01_5",4
"7","2000-12-01_6",4
"11","2001-01-01_3",4
"13","2001-01-01_5",4
"14","2001-01-01_6",4
"16","2001-02-01_1",4
"19","2001-02-01_4",4
"21","2001-02-01_6",4
"23","2001-03-01_1",4
"26","2001-03-01_4",4
"28","2001-03-01_6",4
"30","2001-04-01_1",4
"33","2001-04-01_4",4
"35","2001-04-01_6",4
"37","2001-05-01_1",4
"40","2001-05-01_4",4
"42","2001-05-01_6",4
"44","2001-06-01_1",4
"47","2001-06-01_4",4
"49","2001-06-01_6",4
"50","2001-07-01_0",4
"51","2001-07-01_1",4
"54","2001-07-01_4",4
"56","2001-07-01_6",4
"57","2001-08-01_0",4
"58","2001-08-01_1",4
"61","2001-08-01_4",4
"63","2001-08-01_6",4
"65","2001-09-01_1",4
"68","2001-09-01_4",4
"70","2001-09-01_6",4
"72","2001-10-01_1",4
"75","2001-10-01_4",4
"77","2001-10-01_6",4
"79","2001-11-01_1",4
"83","2001-11-01_5",4
"85","2001-12-01_1",4
"88","2001-12-01_4",4
"90","2001-12-01_6",4
"92","2002-01-01_1",4
"95","2002-01-01_4",4
"97","2002-01-01_6",4
"98","2002-02-01_0",4
"99","2002-02-01_1",4
"102","2002-02-01_4",4
"104","2002-02-01_6",4
"105","2002-02-01_7",4
"107","2002-03-01_1",4
"110","2002-03-01_4",4
"112","2002-03-01_6",4
"114","2002-04-01_1",4
"118","2002-04-01_5",4
"120","2002-05-01_1",4
"124","2002-05-01_5",4
"128","2002-06-01_3",4
"130","2002-06-01_5",4
"135","2002-07-01_4",4
"136","2002-07-01_5",4
"137","2002-07-01_6",4
"142","2002-08-01_4",4
"143","2002-08-01_5",4
"148","2002-09-01_4",4
"149","2002-09-01_5",4
"150","2002-09-01_6",4
"154","2002-10-01_3",4
"156","2002-10-01_5",4
"157","2002-10-01_6",4
"161","2002-11-01_3",4
"163","2002-11-01_5",4
"164","2002-11-01_6",4
"168","2002-12-01_3",4
"170","2002-12-01_5",4
"171","2002-12-01_6",4
"175","2003-01-01_3",4
"177","2003-01-01_5",4
"178","2003-01-01_6",4
"179","2003-01-01_7",4
"183","2003-02-01_3",4
"184","2003-02-01_4",4
"186","2003-02-01_6",4
"190","2003-03-01_3",4
"191","2003-03-01_4",4
"192","2003-03-01_5",4
"194","2003-03-01_7",4
"198","2003-04-01_3",4
"199","2003-04-01_4",4
"201","2003-04-01_6",4
"202","2003-04-01_7",4
"206","2003-05-01_3",4
"207","2003-05-01_4",4
"209","2003-05-01_6",4
"210","2003-05-01_7",4
"214","2003-06-01_3",4
"216","2003-06-01_5",4
"217","2003-06-01_6",4
"218","2003-06-01_7",4
"222","2003-07-01_3",4
"224","2003-07-01_5",4
"225","2003-07-01_6",4
"226","2003-07-01_7",4
"231","2003-08-01_4",4
"232","2003-08-01_5",4
"233","2003-08-01_6",4
"234","2003-08-01_7",4
"238","2003-09-01_3",4
"239","2003-09-01_4",4
"240","2003-09-01_5",4
"241","2003-09-01_6",4
"246","2003-10-01_3",4
"247","2003-10-01_4",4
"248","2003-10-01_5",4
"249","2003-10-01_6",4
"254","2003-11-01_3",4
"255","2003-11-01_4",4
"256","2003-11-01_5",4
"257","2003-11-01_6",4
"262","2003-12-01_3",4
"263","2003-12-01_4",4
"264","2003-12-01_5",4
"269","2004-01-01_3",4
"270","2004-01-01_4",4
"272","2004-01-01_6",4
"276","2004-02-01_3",4
"277","2004-02-01_4",4
"278","2004-02-01_5",4
"281","2004-03-01_1",4
"283","2004-03-01_3",4
"285","2004-03-01_5",4
"287","2004-03-01_7",4
"289","2004-04-01_1",4
"292","2004-04-01_4",4
"294","2004-04-01_6",4
"295","2004-04-01_7",4
"300","2004-05-01_4",4
"302","2004-05-01_6",4
"303","2004-05-01_7",4
"305","2004-06-01_1",4
"308","2004-06-01_4",4
"310","2004-06-01_6",4
"311","2004-06-01_7",4
"313","2004-07-01_1",4
"316","2004-07-01_4",4
"317","2004-07-01_5",4
"318","2004-07-01_6",4
"324","2004-08-01_4",4
"325","2004-08-01_5",4
"326","2004-08-01_6",4
"332","2004-09-01_4",4
"333","2004-09-01_5",4
"334","2004-09-01_6",4
"340","2004-10-01_4",4
"341","2004-10-01_5",4
"342","2004-10-01_6",4
"345","2004-11-01_1",4
"348","2004-11-01_4",4
"349","2004-11-01_5",4
"351","2004-11-01_7",4
"353","2004-12-01_1",4
"356","2004-12-01_4",4
"357","2004-12-01_5",4
"359","2004-12-01_7",4
"361","2005-01-01_1",4
"364","2005-01-01_4",4
"365","2005-01-01_5",4
"367","2005-01-01_7",4
"369","2005-02-01_1",4
"372","2005-02-01_4",4
"373","2005-02-01_5",4
"375","2005-02-01_7",4
"379","2005-03-01_3",4
"381","2005-03-01_5",4
"382","2005-03-01_6",4
"386","2005-04-01_3",4
"388","2005-04-01_5",4
"389","2005-04-01_6",4
"393","2005-05-01_3",4
"394","2005-05-01_4",4
"395","2005-05-01_5",4
"400","2005-06-01_3",4
"402","2005-06-01_5",4
"403","2005-06-01_6",4
"406","2005-07-01_2",4
"409","2005-07-01_5",4
"410","2005-07-01_6",4
"413","2005-08-01_2",4
"415","2005-08-01_4",4
"416","2005-08-01_5",4
"420","2005-09-01_2",4
"423","2005-09-01_5",4
"426","2005-10-01_2",4
"429","2005-10-01_5",4
"432","2005-11-01_2",4
"435","2005-11-01_5",4
"438","2005-12-01_2",4
"441","2005-12-01_5",4
"444","2006-01-01_2",4
"447","2006-01-01_5",4
"450","2006-02-01_2",4
"453","2006-02-01_5",4
"456","2006-03-01_2",4
"459","2006-03-01_5",4
"462","2006-04-01_2",4
"465","2006-04-01_5",4
"468","2006-05-01_2",4
"471","2006-05-01_5",4
"474","2006-06-01_2",4
"477","2006-06-01_5",4
"480","2006-07-01_2",4
"483","2006-07-01_5",4
"484","2006-07-01_6",4
"487","2006-08-01_2",4
"490","2006-08-01_5",4
"493","2006-09-01_2",4
"496","2006-09-01_5",4
"499","2006-10-01_2",4
"502","2006-10-01_5",4
"505","2006-11-01_2",4
"508","2006-11-01_5",4
"511","2006-12-01_2",4
"514","2006-12-01_5",4
"517","2007-01-01_2",4
"520","2007-01-01_5",4
"523","2007-02-01_2",4
"526","2007-02-01_5",4
"529","2007-03-01_2",4
"532","2007-03-01_5",4
"535","2007-04-01_2",4
"538","2007-04-01_5",4
"539","2007-04-01_6",4
"542","2007-05-01_2",4
"545","2007-05-01_5",4
"548","2007-06-01_2",4
"551","2007-06-01_5",4
"552","2007-06-01_6",4
"555","2007-07-01_2",4
"558","2007-07-01_5",4
"561","2007-08-01_2",4
"564","2007-08-01_5",4
"565","2007-08-01_6",4
"568","2007-09-01_2",4
"571","2007-09-01_5",4
"574","2007-10-01_2",4
"577","2007-10-01_5",4
"580","2007-11-01_2",4
"583","2007-11-01_5",4
"584","2007-11-01_6",4
"587","2007-12-01_2",4
"590","2007-12-01_5",4
"593","2008-01-01_2",4
"596","2008-01-01_5",4
"599","2008-02-01_2",4
"602","2008-02-01_5",4
"604","2008-03-01_1",4
"608","2008-03-01_5",4
"611","2008-04-01_2",4
"614","2008-04-01_5",4
"617","2008-05-01_2",4
"620","2008-05-01_5",4
"621","2008-05-01_6",4
"625","2008-06-01_3",4
"627","2008-06-01_5",4
"630","2008-07-01_2",4
"633","2008-07-01_5",4
"636","2008-08-01_2",4
"639","2008-08-01_5",4
"642","2008-09-01_2",4
"645","2008-09-01_5",4
"648","2008-10-01_2",4
"651","2008-10-01_5",4
"654","2008-11-01_2",4
"657","2008-11-01_5",4
"660","2008-12-01_2",4
"663","2008-12-01_5",4
"666","2009-01-01_2",4
"669","2009-01-01_5",4
"672","2009-02-01_2",4
"677","2009-03-01_2",4
"680","2009-03-01_5",4
"683","2009-04-01_2",4
"686","2009-04-01_5",4
"689","2009-05-01_2",4
"692","2009-05-01_5",4
"695","2009-06-01_2",4
"698","2009-06-01_5",4
"701","2009-07-01_2",4
"704","2009-07-01_5",4
"707","2009-08-01_2",4
"710","2009-08-01_5",4
"713","2009-09-01_2",4
"718","2009-10-01_2",4
"721","2009-10-01_5",4
"724","2009-11-01_2",4
"727","2009-11-01_5",4
"730","2009-12-01_2",4
"733","2009-12-01_5",4
"736","2010-01-01_2",4
"739","2010-01-01_5",4
"742","2010-02-01_2",4
"745","2010-02-01_5",4
"748","2010-03-01_2",4
"753","2010-04-01_2",4
"758","2010-05-01_2",4
"763","2010-06-01_2",4
"768","2010-07-01_2",4
"773","2010-08-01_2",4
"778","2010-09-01_2",4
"783","2010-10-01_2",4
"788","2010-11-01_2",4
"793","2010-12-01_2",4
"798","2011-01-01_2",4
"804","2011-02-01_3",4
"808","2011-03-01_2",4
"813","2011-04-01_2",4
"818","2011-05-01_2",4
"823","2011-06-01_2",4
"828","2011-07-01_2",4
"834","2011-08-01_3",4
"838","2011-09-01_2",4
"840","2011-09-01_4",4
"841","2011-09-01_5",4
"845","2011-10-01_2",4
"848","2011-10-01_5",4
"849","2011-10-01_6",4
"852","2011-11-01_2",4
"855","2011-11-01_5",4
"856","2011-11-01_6",4
"859","2011-12-01_2",4
"862","2011-12-01_5",4
"865","2012-01-01_2",4
"868","2012-01-01_5",4
"869","2012-01-01_6",4
"870","2012-02-01_0",4
"875","2012-02-01_5",4
"876","2012-02-01_6",4
"882","2012-03-01_5",4
"883","2012-03-01_6",4
"888","2012-04-01_4",4
"889","2012-04-01_5",4
"895","2012-05-01_4",4
"896","2012-05-01_5",4
"902","2012-06-01_4",4
"908","2012-07-01_4",4
"914","2012-08-01_4",4
"920","2012-09-01_4",4
"927","2012-10-01_5",4
"932","2012-11-01_4",4
"988","2013-10-01_4",4
"993","2013-11-01_4",4
"998","2013-12-01_4",4
"1003","2014-01-01_4",4
"1008","2014-02-01_4",4
"1013","2014-03-01_4",4
"1018","2014-04-01_4",4
"1023","2014-05-01_4",4
"1028","2014-06-01_4",4
"1033","2014-07-01_4",4
"1038","2014-08-01_4",4
"1042","2014-09-01_3",4
"1048","2014-10-01_4",4
"1053","2014-11-01_4",4
"1058","2014-12-01_4",4
"1063","2015-01-01_4",4
"1068","2015-02-01_4",4
"1073","2015-03-01_4",4
"1078","2015-04-01_4",4
"1082","2015-05-01_3",4
"1083","2015-05-01_4",4
"1087","2015-06-01_3",4
"1088","2015-06-01_4",4
"1092","2015-07-01_3",4
"1095","2015-08-01_2",4
"1096","2015-08-01_3",4
"1100","2015-09-01_2",4
"1101","2015-09-01_3",4
"1106","2015-10-01_3",4
"1107","2015-10-01_4",4
"1111","2015-11-01_3",4
"1112","2015-11-01_4",4
"1116","2015-12-01_3",4
"1117","2015-12-01_4",4
"1120","2016-01-01_2",4
"1121","2016-01-01_3",4
"1125","2016-02-01_2",4
"1126","2016-02-01_3",4
"1131","2016-03-01_3",4
"1132","2016-03-01_4",4
"1136","2016-04-01_3",4
"1137","2016-04-01_4",4
"1141","2016-05-01_3",4
"1142","2016-05-01_4",4
"1146","2016-06-01_3",4
"1147","2016-06-01_4",4
"1151","2016-07-01_3",4
"1152","2016-07-01_4",4
"1156","2016-08-01_3",4
"1157","2016-08-01_4",4
"1161","2016-09-01_3",4
"1162","2016-09-01_4",4
"1166","2016-10-01_3",4
"1167","2016-10-01_4",4
"1171","2016-11-01_3",4
"1172","2016-11-01_4",4
"1176","2016-12-01_3",4
"1177","2016-12-01_4",4
"1180","2017-01-01_2",4
"1182","2017-01-01_4",4
"1185","2017-02-01_2",4
"1187","2017-02-01_4",4
"1191","2017-03-01_3",4
"1192","2017-03-01_4",4
"1196","2017-04-01_3",4
"1197","2017-04-01_4",4
"1200","2017-05-01_2",4
"1202","2017-05-01_4",4
"1206","2017-06-01_3",4
"1207","2017-06-01_4",4
"1210","2017-07-01_2",4
"1212","2017-07-01_4",4
"1216","2017-08-01_3",4
"1217","2017-08-01_4",4
"1220","2017-09-01_2",4
"1222","2017-09-01_4",4
"1225","2017-10-01_2",4
"1227","2017-10-01_4",4
"1230","2017-11-01_2",4
"1232","2017-11-01_4",4
"1235","2017-12-01_2",4
"1237","2017-12-01_4",4
"1240","2018-01-01_2",4
"1242","2018-01-01_4",4
"1245","2018-02-01_2",4
"1247","2018-02-01_4",4
"1250","2018-03-01_2",4
"1252","2018-03-01_4",4
"1255","2018-04-01_2",4
"1257","2018-04-01_4",4
"1260","2018-05-01_2",4
"1261","2018-05-01_3",4
"1265","2018-06-01_2",4
"1266","2018-06-01_3",4
"1270","2018-07-01_2",4
"1271","2018-07-01_3",4
"1275","2018-08-01_2",4
"1276","2018-08-01_3",4
"1280","2018-09-01_2",4
"1281","2018-09-01_3",4
"1285","2018-10-01_2",4
"1286","2018-10-01_3",4
"1290","2018-11-01_2",4
"1291","2018-11-01_3",4
"1295","2018-12-01_2",4
"1296","2018-12-01_3",4
"1300","2019-01-01_2",4
"1301","2019-01-01_3",4
"1305","2019-02-01_2",4
"1306","2019-02-01_3",4
"1310","2019-03-01_2",4
"1311","2019-03-01_3",4
"1315","2019-04-01_2",4
"1316","2019-04-01_3",4
"1320","2019-05-01_2",4
"1321","2019-05-01_3",4
"1325","2019-06-01_2",4
"1326","2019-06-01_3",4
"1330","2019-07-01_2",4
"1331","2019-07-01_3",4
"1335","2019-08-01_2",4
"1336","2019-08-01_3",4
"1340","2019-09-01_2",4
"1341","2019-09-01_3",4
"1343","2019-09-01_5",4
"1346","2019-10-01_2",4
"1347","2019-10-01_3",4
"1349","2019-10-01_5",4
"1352","2019-11-01_2",4
"1353","2019-11-01_3",4
"1357","2019-12-01_2",4
"1358","2019-12-01_3",4
"1360","2019-12-01_5",4
"1363","2020-01-01_2",4
"1364","2020-01-01_3",4
"1368","2020-02-01_2",4
"1370","2020-02-01_4",4
"1373","2020-03-01_2",4
"1374","2020-03-01_3",4
"1378","2020-04-01_2",4
"1379","2020-04-01_3",4
"1383","2020-05-01_2",4
"1384","2020-05-01_3",4
"1388","2020-06-01_2",4
"1389","2020-06-01_3",4
"1393","2020-07-01_2",4
"1394","2020-07-01_3",4
"1396","2020-07-01_5",4
"1399","2020-08-01_2",4
"1400","2020-08-01_3",4
"1404","2020-09-01_2",4
"1405","2020-09-01_3",4
"1407","2020-09-01_5",4
"1410","2020-10-01_2",4
"1411","2020-10-01_3",4
"1415","2020-11-01_2",4
"1416","2020-11-01_3",4
"1418","2020-11-01_5",4
"1421","2020-12-01_2",4
"1422","2020-12-01_3",4
"1424","2020-12-01_5",4
"1427","2021-01-01_2",4
"1428","2021-01-01_3",4
"1430","2021-01-01_5",4
"1433","2021-02-01_2",4
"1434","2021-02-01_3",4
"1436","2021-02-01_5",4
"1439","2021-03-01_2",4
"1440","2021-03-01_3",4
"1442","2021-03-01_5",4
"1445","2021-04-01_2",4
"1446","2021-04-01_3",4
"1448","2021-04-01_5",4
"1451","2021-05-01_2",4
"1452","2021-05-01_3",4
"1454","2021-05-01_5",4
"1457","2021-06-01_2",4
"1458","2021-06-01_3",4
"1460","2021-06-01_5",4
"1463","2021-07-01_2",4
"1464","2021-07-01_3",4
"1466","2021-07-01_5",4
"1469","2021-08-01_2",4
"1470","2021-08-01_3",4
"1472","2021-08-01_5",4
"1475","2021-09-01_2",4
"1476","2021-09-01_3",4
"1478","2021-09-01_5",4
"1481","2021-10-01_2",4
"1482","2021-10-01_3",4
"1486","2021-11-01_2",4
"1487","2021-11-01_3",4
"1491","2021-12-01_2",4
"1492","2021-12-01_3",4
"1494","2021-12-01_5",4
"1497","2022-01-01_2",4
"1498","2022-01-01_3",4
"1500","2022-01-01_5",4
"1503","2022-02-01_2",4
"1504","2022-02-01_3",4
"1508","2022-03-01_2",4
"1509","2022-03-01_3",4
"1510","2022-03-01_4",4
"1514","2022-04-01_2",4
"1515","2022-04-01_3",4
"1519","2022-05-01_2",4
"1520","2022-05-01_3",4
"1522","2022-05-01_5",4
"1525","2022-06-01_2",4
"1526","2022-06-01_3",4
"1528","2022-06-01_5",4
"1531","2022-07-01_2",4
"1532","2022-07-01_3",4
"1534","2022-07-01_5",4
"1537","2022-08-01_2",4
"1538","2022-08-01_3",4
"1540","2022-08-01_5",4
"1543","2022-09-01_2",4
"1544","2022-09-01_3",4
"1546","2022-09-01_5",4
"1549","2022-10-01_2",4
"1550","2022-10-01_3",4
"1552","2022-10-01_5",4
"1554","2022-11-01_1",4
"1556","2022-11-01_3",4
"1558","2022-12-01_1",4
"1559","2022-12-01_2",4
"1562","2022-12-01_5",4
"1564","2023-01-01_1",4
"1566","2023-01-01_3",4
"1568","2023-01-01_5",4
"1570","2023-02-01_1",4
"1571","2023-02-01_2",4
"1574","2023-02-01_5",4
"1576","2023-03-01_1",4
"1577","2023-03-01_2",4
"5","2000-12-01_4",5
"12","2001-01-01_4",5
"20","2001-02-01_5",5
"27","2001-03-01_5",5
"34","2001-04-01_5",5
"41","2001-05-01_5",5
"48","2001-06-01_5",5
"55","2001-07-01_5",5
"62","2001-08-01_5",5
"69","2001-09-01_5",5
"76","2001-10-01_5",5
"82","2001-11-01_4",5
"89","2001-12-01_5",5
"96","2002-01-01_5",5
"103","2002-02-01_5",5
"111","2002-03-01_5",5
"117","2002-04-01_4",5
"123","2002-05-01_4",5
"129","2002-06-01_4",5
"134","2002-07-01_3",5
"141","2002-08-01_3",5
"147","2002-09-01_3",5
"155","2002-10-01_4",5
"162","2002-11-01_4",5
"169","2002-12-01_4",5
"176","2003-01-01_4",5
"185","2003-02-01_5",5
"193","2003-03-01_6",5
"200","2003-04-01_5",5
"208","2003-05-01_5",5
"215","2003-06-01_4",5
"223","2003-07-01_4",5
"230","2003-08-01_3",5
"242","2003-09-01_7",5
"250","2003-10-01_7",5
"258","2003-11-01_7",5
"265","2003-12-01_6",5
"271","2004-01-01_5",5
"279","2004-02-01_6",5
"286","2004-03-01_6",5
"293","2004-04-01_5",5
"301","2004-05-01_5",5
"309","2004-06-01_5",5
"319","2004-07-01_7",5
"327","2004-08-01_7",5
"335","2004-09-01_7",5
"343","2004-10-01_7",5
"350","2004-11-01_6",5
"358","2004-12-01_6",5
"366","2005-01-01_6",5
"374","2005-02-01_6",5
"380","2005-03-01_4",5
"387","2005-04-01_4",5
"396","2005-05-01_6",5
"401","2005-06-01_4",5
"408","2005-07-01_4",5
"417","2005-08-01_6",5
"422","2005-09-01_4",5
"428","2005-10-01_4",5
"434","2005-11-01_4",5
"440","2005-12-01_4",5
"446","2006-01-01_4",5
"452","2006-02-01_4",5
"458","2006-03-01_4",5
"464","2006-04-01_4",5
"470","2006-05-01_4",5
"476","2006-06-01_4",5
"479","2006-07-01_1",5
"486","2006-08-01_1",5
"492","2006-09-01_1",5
"498","2006-10-01_1",5
"504","2006-11-01_1",5
"513","2006-12-01_4",5
"516","2007-01-01_1",5
"525","2007-02-01_4",5
"531","2007-03-01_4",5
"537","2007-04-01_4",5
"544","2007-05-01_4",5
"550","2007-06-01_4",5
"557","2007-07-01_4",5
"563","2007-08-01_4",5
"570","2007-09-01_4",5
"576","2007-10-01_4",5
"582","2007-11-01_4",5
"589","2007-12-01_4",5
"595","2008-01-01_4",5
"601","2008-02-01_4",5
"607","2008-03-01_4",5
"613","2008-04-01_4",5
"619","2008-05-01_4",5
"626","2008-06-01_4",5
"632","2008-07-01_4",5
"638","2008-08-01_4",5
"644","2008-09-01_4",5
"650","2008-10-01_4",5
"656","2008-11-01_4",5
"662","2008-12-01_4",5
"668","2009-01-01_4",5
"674","2009-02-01_4",5
"679","2009-03-01_4",5
"685","2009-04-01_4",5
"691","2009-05-01_4",5
"697","2009-06-01_4",5
"703","2009-07-01_4",5
"709","2009-08-01_4",5
"715","2009-09-01_4",5
"720","2009-10-01_4",5
"726","2009-11-01_4",5
"732","2009-12-01_4",5
"738","2010-01-01_4",5
"744","2010-02-01_4",5
"750","2010-03-01_4",5
"755","2010-04-01_4",5
"760","2010-05-01_4",5
"765","2010-06-01_4",5
"770","2010-07-01_4",5
"775","2010-08-01_4",5
"780","2010-09-01_4",5
"785","2010-10-01_4",5
"790","2010-11-01_4",5
"795","2010-12-01_4",5
"800","2011-01-01_4",5
"805","2011-02-01_4",5
"810","2011-03-01_4",5
"815","2011-04-01_4",5
"820","2011-05-01_4",5
"825","2011-06-01_4",5
"830","2011-07-01_4",5
"835","2011-08-01_4",5
"842","2011-09-01_6",5
"846","2011-10-01_3",5
"853","2011-11-01_3",5
"860","2011-12-01_3",5
"866","2012-01-01_3",5
"873","2012-02-01_3",5
"880","2012-03-01_3",5
"890","2012-04-01_6",5
"897","2012-05-01_6",5
"903","2012-06-01_5",5
"909","2012-07-01_5",5
"915","2012-08-01_5",5
"921","2012-09-01_5",5
"926","2012-10-01_4",5
"933","2012-11-01_5",5
"938","2012-12-01_4",5
"943","2013-01-01_4",5
"948","2013-02-01_4",5
"953","2013-03-01_4",5
"958","2013-04-01_4",5
"963","2013-05-01_4",5
"968","2013-06-01_4",5
"973","2013-07-01_4",5
"978","2013-08-01_4",5
"983","2013-09-01_4",5
"1561","2022-12-01_4",5
"1567","2023-01-01_4",5
"1579","2023-03-01_4",5
"1","2000-12-01_0",6
"8","2001-01-01_0",6
"15","2001-02-01_0",6
"22","2001-03-01_0",6
"29","2001-04-01_0",6
"36","2001-05-01_0",6
"43","2001-06-01_0",6
"64","2001-09-01_0",6
"71","2001-10-01_0",6
"78","2001-11-01_0",6
"84","2001-12-01_0",6
"91","2002-01-01_0",6
"106","2002-03-01_0",6
"113","2002-04-01_0",6
"119","2002-05-01_0",6
"125","2002-06-01_0",6
"131","2002-07-01_0",6
"138","2002-08-01_0",6
"144","2002-09-01_0",6
"151","2002-10-01_0",6
"158","2002-11-01_0",6
"165","2002-12-01_0",6
"172","2003-01-01_0",6
"180","2003-02-01_0",6
"187","2003-03-01_0",6
"195","2003-04-01_0",6
"203","2003-05-01_0",6
"211","2003-06-01_0",6
"219","2003-07-01_0",6
"227","2003-08-01_0",6
"235","2003-09-01_0",6
"243","2003-10-01_0",6
"251","2003-11-01_0",6
"259","2003-12-01_0",6
"266","2004-01-01_0",6
"273","2004-02-01_0",6
"280","2004-03-01_0",6
"288","2004-04-01_0",6
"296","2004-05-01_0",6
"297","2004-05-01_1",6
"304","2004-06-01_0",6
"312","2004-07-01_0",6
"320","2004-08-01_0",6
"321","2004-08-01_1",6
"328","2004-09-01_0",6
"329","2004-09-01_1",6
"336","2004-10-01_0",6
"337","2004-10-01_1",6
"344","2004-11-01_0",6
"352","2004-12-01_0",6
"360","2005-01-01_0",6
"368","2005-02-01_0",6
"376","2005-03-01_0",6
"383","2005-04-01_0",6
"390","2005-05-01_0",6
"397","2005-06-01_0",6
"404","2005-07-01_0",6
"411","2005-08-01_0",6
"418","2005-09-01_0",6
"424","2005-10-01_0",6
"430","2005-11-01_0",6
"436","2005-12-01_0",6
"442","2006-01-01_0",6
"448","2006-02-01_0",6
"454","2006-03-01_0",6
"460","2006-04-01_0",6
"466","2006-05-01_0",6
"472","2006-06-01_0",6
"478","2006-07-01_0",6
"485","2006-08-01_0",6
"491","2006-09-01_0",6
"497","2006-10-01_0",6
"503","2006-11-01_0",6
"509","2006-12-01_0",6
"515","2007-01-01_0",6
"521","2007-02-01_0",6
"527","2007-03-01_0",6
"533","2007-04-01_0",6
"540","2007-05-01_0",6
"546","2007-06-01_0",6
"553","2007-07-01_0",6
"559","2007-08-01_0",6
"566","2007-09-01_0",6
"572","2007-10-01_0",6
"578","2007-11-01_0",6
"585","2007-12-01_0",6
"591","2008-01-01_0",6
"597","2008-02-01_0",6
"603","2008-03-01_0",6
"610","2008-04-01_1",6
"616","2008-05-01_1",6
"623","2008-06-01_1",6
"629","2008-07-01_1",6
"635","2008-08-01_1",6
"641","2008-09-01_1",6
"647","2008-10-01_1",6
"653","2008-11-01_1",6
"659","2008-12-01_1",6
"665","2009-01-01_1",6
"671","2009-02-01_1",6
"676","2009-03-01_1",6
"682","2009-04-01_1",6
"688","2009-05-01_1",6
"694","2009-06-01_1",6
"700","2009-07-01_1",6
"706","2009-08-01_1",6
"712","2009-09-01_1",6
"717","2009-10-01_1",6
"723","2009-11-01_1",6
"729","2009-12-01_1",6
"735","2010-01-01_1",6
"741","2010-02-01_1",6
"747","2010-03-01_1",6
"752","2010-04-01_1",6
"757","2010-05-01_1",6
"762","2010-06-01_1",6
"767","2010-07-01_1",6
"772","2010-08-01_1",6
"777","2010-09-01_1",6
"782","2010-10-01_1",6
"787","2010-11-01_1",6
"792","2010-12-01_1",6
"797","2011-01-01_1",6
"802","2011-02-01_1",6
"807","2011-03-01_1",6
"812","2011-04-01_1",6
"817","2011-05-01_1",6
"822","2011-06-01_1",6
"827","2011-07-01_1",6
"832","2011-08-01_1",6
"837","2011-09-01_1",6
"844","2011-10-01_1",6
"851","2011-11-01_1",6
"858","2011-12-01_1",6
"864","2012-01-01_1",6
"871","2012-02-01_1",6
"877","2012-03-01_0",6
"878","2012-03-01_1",6
"884","2012-04-01_0",6
"885","2012-04-01_1",6
"891","2012-05-01_0",6
"892","2012-05-01_1",6
"898","2012-06-01_0",6
"899","2012-06-01_1",6
"904","2012-07-01_0",6
"905","2012-07-01_1",6
"910","2012-08-01_0",6
"911","2012-08-01_1",6
"916","2012-09-01_0",6
"917","2012-09-01_1",6
"922","2012-10-01_0",6
"923","2012-10-01_1",6
"928","2012-11-01_0",6
"929","2012-11-01_1",6
"934","2012-12-01_0",6
"935","2012-12-01_1",6
"939","2013-01-01_0",6
"940","2013-01-01_1",6
"944","2013-02-01_0",6
"945","2013-02-01_1",6
"949","2013-03-01_0",6
"950","2013-03-01_1",6
"954","2013-04-01_0",6
"955","2013-04-01_1",6
"959","2013-05-01_0",6
"960","2013-05-01_1",6
"964","2013-06-01_0",6
"965","2013-06-01_1",6
"969","2013-07-01_0",6
"970","2013-07-01_1",6
"974","2013-08-01_0",6
"975","2013-08-01_1",6
"979","2013-09-01_0",6
"980","2013-09-01_1",6
"984","2013-10-01_0",6
"985","2013-10-01_1",6
"989","2013-11-01_0",6
"990","2013-11-01_1",6
"994","2013-12-01_0",6
"995","2013-12-01_1",6
"999","2014-01-01_0",6
"1000","2014-01-01_1",6
"1004","2014-02-01_0",6
"1005","2014-02-01_1",6
"1009","2014-03-01_0",6
"1010","2014-03-01_1",6
"1014","2014-04-01_0",6
"1015","2014-04-01_1",6
"1019","2014-05-01_0",6
"1020","2014-05-01_1",6
"1024","2014-06-01_0",6
"1025","2014-06-01_1",6
"1029","2014-07-01_0",6
"1030","2014-07-01_1",6
"1034","2014-08-01_0",6
"1035","2014-08-01_1",6
"1039","2014-09-01_0",6
"1040","2014-09-01_1",6
"1044","2014-10-01_0",6
"1045","2014-10-01_1",6
"1049","2014-11-01_0",6
"1050","2014-11-01_1",6
"1054","2014-12-01_0",6
"1055","2014-12-01_1",6
"1059","2015-01-01_0",6
"1060","2015-01-01_1",6
"1064","2015-02-01_0",6
"1065","2015-02-01_1",6
"1069","2015-03-01_0",6
"1070","2015-03-01_1",6
"1074","2015-04-01_0",6
"1075","2015-04-01_1",6
"1079","2015-05-01_0",6
"1080","2015-05-01_1",6
"1084","2015-06-01_0",6
"1085","2015-06-01_1",6
"1089","2015-07-01_0",6
"1090","2015-07-01_1",6
"1093","2015-08-01_0",6
"1094","2015-08-01_1",6
"1098","2015-09-01_0",6
"1099","2015-09-01_1",6
"1103","2015-10-01_0",6
"1104","2015-10-01_1",6
"1108","2015-11-01_0",6
"1109","2015-11-01_1",6
"1113","2015-12-01_0",6
"1114","2015-12-01_1",6
"1118","2016-01-01_0",6
"1119","2016-01-01_1",6
"1123","2016-02-01_0",6
"1124","2016-02-01_1",6
"1128","2016-03-01_0",6
"1129","2016-03-01_1",6
"1133","2016-04-01_0",6
"1134","2016-04-01_1",6
"1138","2016-05-01_0",6
"1139","2016-05-01_1",6
"1143","2016-06-01_0",6
"1144","2016-06-01_1",6
"1148","2016-07-01_0",6
"1149","2016-07-01_1",6
"1153","2016-08-01_0",6
"1154","2016-08-01_1",6
"1158","2016-09-01_0",6
"1159","2016-09-01_1",6
"1163","2016-10-01_0",6
"1164","2016-10-01_1",6
"1168","2016-11-01_0",6
"1169","2016-11-01_1",6
"1173","2016-12-01_0",6
"1174","2016-12-01_1",6
"1178","2017-01-01_0",6
"1179","2017-01-01_1",6
"1183","2017-02-01_0",6
"1184","2017-02-01_1",6
"1188","2017-03-01_0",6
"1189","2017-03-01_1",6
"1193","2017-04-01_0",6
"1194","2017-04-01_1",6
"1198","2017-05-01_0",6
"1199","2017-05-01_1",6
"1203","2017-06-01_0",6
"1204","2017-06-01_1",6
"1208","2017-07-01_0",6
"1209","2017-07-01_1",6
"1213","2017-08-01_0",6
"1214","2017-08-01_1",6
"1218","2017-09-01_0",6
"1219","2017-09-01_1",6
"1223","2017-10-01_0",6
"1224","2017-10-01_1",6
"1228","2017-11-01_0",6
"1229","2017-11-01_1",6
"1233","2017-12-01_0",6
"1234","2017-12-01_1",6
"1238","2018-01-01_0",6
"1239","2018-01-01_1",6
"1243","2018-02-01_0",6
"1244","2018-02-01_1",6
"1248","2018-03-01_0",6
"1249","2018-03-01_1",6
"1253","2018-04-01_0",6
"1254","2018-04-01_1",6
"1258","2018-05-01_0",6
"1259","2018-05-01_1",6
"1263","2018-06-01_0",6
"1264","2018-06-01_1",6
"1268","2018-07-01_0",6
"1269","2018-07-01_1",6
"1273","2018-08-01_0",6
"1274","2018-08-01_1",6
"1278","2018-09-01_0",6
"1279","2018-09-01_1",6
"1283","2018-10-01_0",6
"1284","2018-10-01_1",6
"1288","2018-11-01_0",6
"1289","2018-11-01_1",6
"1293","2018-12-01_0",6
"1294","2018-12-01_1",6
"1298","2019-01-01_0",6
"1299","2019-01-01_1",6
"1303","2019-02-01_0",6
"1304","2019-02-01_1",6
"1308","2019-03-01_0",6
"1309","2019-03-01_1",6
"1313","2019-04-01_0",6
"1314","2019-04-01_1",6
"1318","2019-05-01_0",6
"1319","2019-05-01_1",6
"1323","2019-06-01_0",6
"1324","2019-06-01_1",6
"1328","2019-07-01_0",6
"1329","2019-07-01_1",6
"1333","2019-08-01_0",6
"1334","2019-08-01_1",6
"1338","2019-09-01_0",6
"1339","2019-09-01_1",6
"1344","2019-10-01_0",6
"1345","2019-10-01_1",6
"1350","2019-11-01_0",6
"1351","2019-11-01_1",6
"1355","2019-12-01_0",6
"1356","2019-12-01_1",6
"1361","2020-01-01_0",6
"1362","2020-01-01_1",6
"1366","2020-02-01_0",6
"1367","2020-02-01_1",6
"1371","2020-03-01_0",6
"1372","2020-03-01_1",6
"1376","2020-04-01_0",6
"1377","2020-04-01_1",6
"1381","2020-05-01_0",6
"1382","2020-05-01_1",6
"1386","2020-06-01_0",6
"1387","2020-06-01_1",6
"1391","2020-07-01_0",6
"1392","2020-07-01_1",6
"1397","2020-08-01_0",6
"1398","2020-08-01_1",6
"1402","2020-09-01_0",6
"1403","2020-09-01_1",6
"1408","2020-10-01_0",6
"1409","2020-10-01_1",6
"1413","2020-11-01_0",6
"1414","2020-11-01_1",6
"1419","2020-12-01_0",6
"1420","2020-12-01_1",6
"1425","2021-01-01_0",6
"1426","2021-01-01_1",6
"1431","2021-02-01_0",6
"1432","2021-02-01_1",6
"1437","2021-03-01_0",6
"1438","2021-03-01_1",6
"1443","2021-04-01_0",6
"1444","2021-04-01_1",6
"1449","2021-05-01_0",6
"1450","2021-05-01_1",6
"1455","2021-06-01_0",6
"1456","2021-06-01_1",6
"1461","2021-07-01_0",6
"1462","2021-07-01_1",6
"1467","2021-08-01_0",6
"1468","2021-08-01_1",6
"1473","2021-09-01_0",6
"1474","2021-09-01_1",6
"1479","2021-10-01_0",6
"1480","2021-10-01_1",6
"1484","2021-11-01_0",6
"1485","2021-11-01_1",6
"1489","2021-12-01_0",6
"1490","2021-12-01_1",6
"1495","2022-01-01_0",6
"1496","2022-01-01_1",6
"1501","2022-02-01_0",6
"1502","2022-02-01_1",6
"1506","2022-03-01_0",6
"1507","2022-03-01_1",6
"1512","2022-04-01_0",6
"1513","2022-04-01_1",6
"1517","2022-05-01_0",6
"1518","2022-05-01_1",6
"1523","2022-06-01_0",6
"1524","2022-06-01_1",6
"1529","2022-07-01_0",6
"1530","2022-07-01_1",6
"1535","2022-08-01_0",6
"1536","2022-08-01_1",6
"1541","2022-09-01_0",6
"1542","2022-09-01_1",6
"1547","2022-10-01_0",6
"1548","2022-10-01_1",6
"1553","2022-11-01_0",6
"1557","2022-12-01_0",6
"1563","2023-01-01_0",6
"1569","2023-02-01_0",6
"1575","2023-03-01_0",6
